"","colony","date","note","Sample.Name","C.CT.mean","D.CT.mean","Mcap.CT.mean","C.CT.sd","D.CT.sd","Mcap.CT.sd","C.reps","D.reps","Mcap.reps","C.SH","D.SH","tot.SH","logDC","propD","syms","dom","vis","reef","fdate","time","days","tdom"
"1","1",2014-10-24,NA,"1_10.24",24.4070182,NA,21.839135425,0.296556016119833,NA,0.30049961427812,2,0,2,0.0123460279934861,NA,0.0123460279934861,-Inf,0,"C","C","bleached","HIMB","20141024",2014-10-23 14:00:00,0,"C"
"2","1",2014-11-04,"1:2","1_11.04_1:2",23.06440403,NA,21.329590095,0.26773027078361,NA,0.180863256303946,2,0,2,0.0219940884194043,NA,0.0219940884194043,-Inf,0,"C","C","bleached","HIMB","20141104",2014-11-03 14:00:00,11,"C"
"3","1",2014-11-24,NA,"1_11.24",21.97649719,33.10539627,19.909775035,0.185377348213294,0.767015993100645,0.127632795217373,2,2,2,0.0174739720462937,8.58325232807713e-05,0.0175598045695745,-5.3160697472398,0.00488801130677113,"CD","C","bleached","HIMB","20141124",2014-11-23 14:00:00,31,"C"
"4","1",2014-12-16,"1:2","1_12.16_1:2",28.43972255,NA,23.382293,0.096151460866933,NA,0.388521107857289,2,0,2,0.00219836095758338,NA,0.00219836095758338,-Inf,0,"C","C","bleached","HIMB","20141216",2014-12-15 14:00:00,53,"C"
"5","2",2014-10-24,NA,"2_10.24",25.035712735,25.40635395,21.340527785,0.114122869624567,0.0219635710096572,0.596927502649199,2,2,2,0.00565165299096516,0.0480832761163127,0.0537349291072778,2.14098635962181,0.89482347730129,"DC","D","not bleached","HIMB","20141024",2014-10-23 14:00:00,0,"D"
"6","2",2014-11-04,"1:2","2_11.04_1:2",35.68475582,23.3001318,20.92457129,NA,0.0748649446002607,0.814472672760386,1,2,2,NA,0.155172484265082,0.155172484265082,Inf,1,"D","D","not bleached","HIMB","20141104",2014-11-03 14:00:00,11,"D"
"7","2",2014-11-24,NA,"2_11.24",25.29636623,25.493065835,22.21864821,0.261264599513522,0.0436155837004521,0.111538769105924,2,2,2,0.00867064800239982,0.0832207757289665,0.0918914237313663,2.26155349617536,0.905642467486983,"DC","D","not bleached","HIMB","20141124",2014-11-23 14:00:00,31,"D"
"8","2",2014-12-16,"1:2","2_12.16_1:2",33.959553255,23.685929295,21.022386805,0.287146143131716,0.0595248357389127,0.176544714774932,2,2,2,9.33387192985383e-06,0.127093546564757,0.127102880436687,9.51902875480547,0.999926564434277,"DC","D","not bleached","HIMB","20141216",2014-12-15 14:00:00,53,"D"
"9","3",2014-10-24,NA,"3_10.24",25.06771614,NA,23.34217383,0.3657253994454,NA,0.457733652980781,2,0,2,0.0221358908096732,NA,0.0221358908096732,-Inf,0,"C","C","bleached","HIMB","20141024",2014-10-23 14:00:00,0,"C"
"10","3",2014-11-04,"1:2","3_11.04_1:2",23.44156887,NA,22.64840819,0.74580905463113,NA,0.285127134068329,2,0,2,0.0422446622189671,NA,0.0422446622189671,-Inf,0,"C","C","bleached","HIMB","20141104",2014-11-03 14:00:00,11,"C"
"11","3",2014-11-24,NA,"3_11.24",23.06744339,NA,24.68046881,0.0521960062921011,NA,0.0958587893701987,2,0,2,0.2239267789939,NA,0.2239267789939,-Inf,0,"C","C","bleached","HIMB","20141124",2014-11-23 14:00:00,31,"C"
"12","3",2014-12-16,"1:2","3_12.16_1:2",22.42002918,NA,22.84465243,0.0186794842751144,NA,0.0372025141038209,2,0,2,0.0982565097370331,NA,0.0982565097370331,-Inf,0,"C","C","bleached","HIMB","20141216",2014-12-15 14:00:00,53,"C"
"13","3",2015-01-14,NA,"3_01.14",21.25519039,36.63454437,24.02321364,0.178993955888268,NA,0.0440606579217343,2,1,2,0.498649083230951,NA,0.498649083230951,-Inf,0,"C","C","bleached","HIMB","20150114",2015-01-13 14:00:00,82,"C"
"14","3",2015-05-06,"original","3_05.06",26.17271568,NA,25.862417475,0.176314091898248,NA,1.07010646076717,2,0,2,0.0590374962057462,NA,0.0590374962057462,-Inf,0,"C","C","bleached","HIMB","20150506",2015-05-05 14:00:00,194,"C"
"15","4",2014-10-24,"original","4_10.24",34.02908756,25.206650735,25.265192285,0.225515981804637,0.158940145944307,0.0777120464150967,2,2,2,0.000168399827131982,0.8385953418181,0.838763741645232,8.51314248371535,0.999799228532695,"DC","D","not bleached","HIMB","20141024",2014-10-23 14:00:00,0,"D"
"16","4",2014-11-04,"1:2","4_11.04_1:2",NA,25.31701851,21.81439711,NA,0.705113404743976,0.175553428849454,0,2,2,NA,0.0710453369396443,0.0710453369396443,Inf,1,"D","D","not bleached","HIMB","20141104",2014-11-03 14:00:00,11,"D"
"17","4",2014-11-24,NA,"4_11.24",35.41000034,26.222993855,23.83844401,0.446260279770604,0.0416667125586901,0.192478255931326,2,2,2,2.40520138986203e-05,0.15420862103639,0.154232673050289,8.76584291566205,0.999844053705204,"DC","D","not bleached","HIMB","20141124",2014-11-23 14:00:00,31,"D"
"18","4",2014-12-16,"1:2","4_12.16_1:2",36.05093242,24.51865959,22.7298062,NA,0.0322312140208238,0.00235077649405574,1,2,2,NA,0.233040366645814,0.233040366645814,Inf,1,"D","D","not bleached","HIMB","20141216",2014-12-15 14:00:00,53,"D"
"19","4",2015-01-14,"original","4_01.14",35.97237636,26.75477123,31.26704718,NA,0.33995445439885,0.360365671465361,1,2,2,NA,18.3763854950849,18.3763854950849,Inf,1,"D","D","not bleached","HIMB","20150114",2015-01-13 14:00:00,82,"D"
"20","4",2015-05-06,NA,"4_05.06",NA,26.8075037,23.640762585,NA,0.571191623027931,0.0517981385195303,0,2,2,NA,0.0896696798151103,0.0896696798151103,Inf,1,"D","D","not bleached","HIMB","20150506",2015-05-05 14:00:00,194,"D"
"21","11",2014-10-24,NA,"11_10.24",24.27363636,NA,21.269268285,0.197012578165685,NA,0.222481411839969,2,0,2,0.00912288266956285,NA,0.00912288266956285,-Inf,0,"C","C","bleached","HIMB","20141024",2014-10-23 14:00:00,0,"C"
"22","11",2014-11-04,NA,"11_11.04",26.546141165,NA,21.98377444,0.0271088547161636,NA,0.160020456613537,2,0,2,0.0030983306447951,NA,0.0030983306447951,-Inf,0,"C","C","bleached","HIMB","20141104",2014-11-03 14:00:00,11,"C"
"23","11",2014-11-24,NA,"11_11.24",22.573100585,36.04096603,20.19063975,0.144293277500168,NA,0.023337889607435,2,1,2,0.0140392795939293,NA,0.0140392795939293,-Inf,0,"C","C","bleached","HIMB","20141124",2014-11-23 14:00:00,31,"C"
"24","11",2014-12-16,"1:2","11_12.16_1:2",29.019539375,NA,22.47936274,0.424203646437474,NA,0.361599728362023,2,0,2,0.000786588610863615,NA,0.000786588610863615,-Inf,0,"C","C","bleached","HIMB","20141216",2014-12-15 14:00:00,53,"C"
"25","11",2015-01-14,NA,"11_01.14",22.836554065,NA,21.06495501,0.00891489824128417,NA,0.407970702127795,2,0,2,0.0214403831495966,NA,0.0214403831495966,-Inf,0,"C","C","bleached","HIMB","20150114",2015-01-13 14:00:00,82,"C"
"26","11",2015-05-06,NA,"11_05.06",23.1065736,NA,22.363697305,0.162361800303132,NA,0.709736744651018,2,0,2,0.0437430388217518,NA,0.0437430388217518,-Inf,0,"C","C","bleached","HIMB","20150506",2015-05-05 14:00:00,194,"C"
"27","12",2014-10-24,NA,"12_10.24",31.69121982,25.253295895,21.296039835,0.0926529369299282,0.0250129760745909,0.0124565839762141,2,2,2,5.43595699361232e-05,0.0518414223480895,0.0518957819180256,6.86032409007154,0.998952524310704,"DC","D","not bleached","HIMB","20141024",2014-10-23 14:00:00,0,"D"
"28","12",2014-11-04,NA,"12_11.04",29.31771423,23.71694183,21.04128577,3.37148513255575e-05,0.0755298512487447,0.312824025854794,2,2,2,0.000236093360871119,0.126030874864743,0.126266968225614,6.28005487081633,0.998130204881064,"DC","D","not bleached","HIMB","20141104",2014-11-03 14:00:00,11,"D"
"29","12",2014-11-24,NA,"12_11.24",31.124990955,24.64171791,20.71085097,0.943706371872505,0.115178912389066,0.344583189530634,2,2,2,5.36498464661704e-05,0.0527984077001489,0.0528520575466151,6.89175770474041,0.998984905243872,"DC","D","not bleached","HIMB","20141124",2014-11-23 14:00:00,31,"D"
"30","12",2014-12-16,"1:2","12_12.16_1:2",30.66100742,23.757928845,20.57361342,0.177167824341583,0.0633861620232095,0.504665687693151,2,2,2,6.72866374928213e-05,0.0885839872822196,0.0886512739197124,7.18274472424339,0.999240996383721,"DC","D","not bleached","HIMB","20141216",2014-12-15 14:00:00,53,"D"
"31","19",2014-10-24,NA,"19_10.24",23.84665157,NA,21.59332873,0.0502606267477201,NA,0.481884814381528,2,0,2,0.0153539185785561,NA,0.0153539185785561,-Inf,0,"C","C","bleached","HIMB","20141024",2014-10-23 14:00:00,0,"C"
"32","19",2014-11-04,NA,"19_11.04",22.7613187,35.152420045,20.391206995,0.105052874581897,0.141645784858587,0.0615897006770615,2,2,2,0.0141599683196382,2.89975818321247e-05,0.0141889659014703,-6.19096168852093,0.00204367126071674,"CD","C","bleached","HIMB","20141104",2014-11-03 14:00:00,11,"C"
"33","19",2014-11-24,NA,"19_11.24",23.276353375,32.493709565,21.122301355,0.108088802191584,0.859364131652541,0.161789955978118,2,2,2,0.0164476072785401,0.000303944800891667,0.0167515520794318,-3.99108918251689,0.018144276987018,"CD","C","bleached","HIMB","20141124",2014-11-23 14:00:00,31,"C"
"34","19",2014-12-16,"1:2","19_12.16_1:2",22.53287365,NA,20.39926268,0.285797443012621,NA,0.412819276757846,2,0,2,0.0166823065311559,NA,0.0166823065311559,-Inf,0,"C","C","bleached","HIMB","20141216",2014-12-15 14:00:00,53,"C"
"35","19",2015-01-14,NA,"19_01.14",23.75387909,NA,23.41549613,0.211739024406981,NA,0.00621075927546511,2,0,2,0.0578993351745811,NA,0.0578993351745811,-Inf,0,"C","C","bleached","HIMB","20150114",2015-01-13 14:00:00,82,"C"
"36","19",2015-05-06,NA,"19_05.06",25.2959571,NA,22.55032374,0.200099749803804,NA,0.421560191375619,2,0,2,0.0109148808584592,NA,0.0109148808584592,-Inf,0,"C","C","bleached","HIMB","20150506",2015-05-05 14:00:00,194,"C"
"37","20",2014-10-24,"reex","20_10.24_reex",NA,27.507875445,30.559062255,NA,0.293096602258896,1.20078327289581,0,2,2,NA,6.67464904523834,6.67464904523834,Inf,1,"D","D","not bleached","HIMB","20141024",2014-10-23 14:00:00,0,"D"
"38","20",2014-11-04,NA,"20_11.04",NA,23.83582115,23.38269259,NA,0.321659353369989,0.345903570023142,0,2,2,NA,0.588199152854704,0.588199152854704,Inf,1,"D","D","not bleached","HIMB","20141104",2014-11-03 14:00:00,11,"D"
"39","20",2014-11-24,"reex","20_11.24_reex",NA,25.0661211,28.9200566,NA,0.218714491382029,0.107988994069419,0,2,2,NA,11.6434014054976,11.6434014054976,Inf,1,"D","D","not bleached","HIMB","20141124",2014-11-23 14:00:00,31,"D"
"40","20",2014-12-16,"1:2","20_12.16_1:2",35.95808269,24.600545885,21.20298125,NA,0.208775928795758,0.018489314977381,1,2,2,NA,0.0764118678271293,0.0764118678271293,Inf,1,"D","D","not bleached","HIMB","20141216",2014-12-15 14:00:00,53,"D"
"41","20",2015-01-14,"reex","20_01.14_reex",NA,24.903359415,30.215433375,NA,0.0320599315452186,0.330566162309698,0,2,2,NA,31.9906661998695,31.9906661998695,Inf,1,"D","D","not bleached","HIMB","20150114",2015-01-13 14:00:00,82,"D"
"42","20",2015-05-06,"original","20_05.06",NA,26.70389938,25.412753355,NA,0.209231793466522,0.177406536519844,0,2,2,NA,0.329045534117168,0.329045534117168,Inf,1,"D","D","not bleached","HIMB","20150506",2015-05-05 14:00:00,194,"D"
"43","5",2014-10-24,"original","5_10.24",27.915344735,NA,27.501313465,0.288956096075248,NA,0.0144378264664192,2,0,2,0.0549415827755775,NA,0.0549415827755775,-Inf,0,"C","C","bleached","HIMB","20141024",2014-10-23 14:00:00,0,"C"
"44","5",2014-11-04,NA,"5_11.04",24.931338805,35.34666061,23.071528685,0.154505624761045,NA,0.428971299767491,2,1,2,0.0201687213404136,NA,0.0201687213404136,-Inf,0,"C","C","bleached","HIMB","20141104",2014-11-03 14:00:00,11,"C"
"45","5",2014-11-24,"reex","5_11.24_reex",29.70884277,34.41313171,24.59183146,0.351475048199873,NA,0.231488021830774,2,1,2,0.00210942022418467,NA,0.00210942022418467,-Inf,0,"C","C","bleached","HIMB","20141124",2014-11-23 14:00:00,31,"C"
"46","5",2014-12-16,"1:2","5_12.16_1:2",25.644686235,NA,21.243172895,0.00931411658780571,NA,0.319675416802948,2,0,2,0.00346377326909765,NA,0.00346377326909765,-Inf,0,"C","C","bleached","HIMB","20141216",2014-12-15 14:00:00,53,"C"
"47","5",2015-01-14,"reex","5_01.14_reex",22.21729519,NA,23.170824305,0.448137662416789,NA,0.382472198252969,2,0,2,0.141767885997774,NA,0.141767885997774,-Inf,0,"C","C","bleached","HIMB","20150114",2015-01-13 14:00:00,82,"C"
"48","5",2015-05-06,NA,"5_05.06",23.871549145,NA,22.54375197,0.522581814842635,NA,0.201429563100771,2,0,2,0.0291628671969145,NA,0.0291628671969145,-Inf,0,"C","C","bleached","HIMB","20150506",2015-05-05 14:00:00,194,"C"
"49","6",2014-10-24,"reex","6_10.24_reex",NA,26.694117545,28.62793757,NA,0.150966640174022,0.0918787822837479,0,2,2,NA,3.07657507225127,3.07657507225127,Inf,1,"D","D","not bleached","HIMB","20141024",2014-10-23 14:00:00,0,"D"
"50","6",2014-11-04,NA,"6_11.04",NA,24.874696735,20.662651315,NA,0.791227845476423,0.571907787846986,0,2,2,NA,0.0434487882270647,0.0434487882270647,Inf,1,"D","D","not bleached","HIMB","20141104",2014-11-03 14:00:00,11,"D"
"51","6",2014-11-24,NA,"6_11.24",NA,24.20143604,20.91349246,NA,0.221821900416224,0.0877463654016782,0,2,2,NA,0.0824441873445078,0.0824441873445078,Inf,1,"D","D","not bleached","HIMB","20141124",2014-11-23 14:00:00,31,"D"
"52","6",2014-12-16,"1:2","6_12.16_1:2",35.10704281,23.832619665,21.71403624,NA,0.190429576667396,0.571995447874648,1,2,2,NA,0.185426808688444,0.185426808688444,Inf,1,"D","D","not bleached","HIMB","20141216",2014-12-15 14:00:00,53,"D"
"53","6",2015-01-14,"reex","6_01.14_reex",34.547476305,25.309605595,27.92218615,0.440134479374896,0.324395863684249,0.631555349038839,2,2,2,0.000741525228451483,4.92487028586847,4.92561181109692,8.80109930981217,0.999849455203355,"DC","D","not bleached","HIMB","20150114",2015-01-13 14:00:00,82,"D"
"54","7",2014-10-24,"reex","7_10.24_reex",24.811356085,NA,24.670152915,0.695432441158089,NA,0.392341980562636,2,0,2,0.0663789851517379,NA,0.0663789851517379,-Inf,0,"C","C","bleached","HIMB","20141024",2014-10-23 14:00:00,0,"C"
"55","7",2014-11-04,NA,"7_11.04",25.665939825,NA,21.08138968,0.327037968172152,NA,0.498186538967817,2,0,2,0.00305105395437719,NA,0.00305105395437719,-Inf,0,"C","C","bleached","HIMB","20141104",2014-11-03 14:00:00,11,"C"
"56","7",2014-11-24,NA,"7_11.24",25.9774995,30.664798735,22.85014464,0.186705818007379,0.316234889764134,0.0387791500938331,2,2,2,0.0083774024230798,0.00357671548387035,0.0119541179069501,-0.851092976382669,0.299203631059289,"CD","C","bleached","HIMB","20141124",2014-11-23 14:00:00,31,"C"
"57","7",2014-12-16,"1:2","7_12.16_1:2",22.94106056,NA,21.177195805,0.0750672478503584,NA,0.781046511918965,2,0,2,0.0215556338743135,NA,0.0215556338743135,-Inf,0,"C","C","bleached","HIMB","20141216",2014-12-15 14:00:00,53,"C"
"58","7",2015-01-14,NA,"7_01.14",21.946095955,NA,27.274318945,0.200938640075797,NA,0.354241228714672,2,0,2,2.9409791226252,NA,2.9409791226252,-Inf,0,"C","C","bleached","HIMB","20150114",2015-01-13 14:00:00,82,"C"
"59","8",2014-10-24,NA,"8_10.24",22.386101265,25.345101355,19.85644938,0.0606617927323824,0.0725397865848893,0.105114916130879,2,2,2,0.0126775666370365,0.0179341502087246,0.0306117168457611,0.346872703138246,0.585859012713557,"DC","D","not bleached","HIMB","20141024",2014-10-23 14:00:00,0,"D"
"60","8",2014-11-04,NA,"8_11.04",24.12169792,24.619961735,19.02150275,0.28150992932917,0.074500791679018,0.210174536511472,2,2,2,0.00213415160818465,0.0166197925723942,0.0187539441805788,2.05252511425608,0.886202518913609,"DC","D","not bleached","HIMB","20141104",2014-11-03 14:00:00,11,"D"
"61","8",2014-11-24,NA,"8_11.24",23.24564792,25.36075401,20.98562838,0.210604768561415,0.14342876167842,0.244128036377095,2,2,2,0.0152828139332849,0.0388048164661512,0.054087630399436,0.931815449929697,0.717443455732455,"DC","D","not bleached","HIMB","20141124",2014-11-23 14:00:00,31,"D"
"62","8",2014-12-16,"1:2","8_12.16_1:2",24.11608459,23.791664125,20.57814814,0.287875785406021,0.268987259153184,0.757691093134426,2,2,2,0.00630248765646851,0.0868090453200742,0.0931115329765427,2.62276640342907,0.932312491750552,"DC","D","not bleached","HIMB","20141216",2014-12-15 14:00:00,53,"D"
"63","8",2015-01-14,"reex","8_01.14_reex",24.209785955,25.157946585,25.542383445,0.150994966871674,0.447993348993816,0.234341869444303,2,2,2,0.184369388227195,1.05113067308397,1.23550006131117,1.74068040539593,0.850773468977789,"DC","D","not bleached","HIMB","20150114",2015-01-13 14:00:00,82,"D"
"64","8",2015-05-06,NA,"8_05.06",27.491968645,28.30803299,21.20896842,0.462547162185554,0.207599861726221,0.333262211973939,2,2,2,0.000940081416158691,0.0058735180322032,0.00681359944836189,1.83224257290612,0.862028664396363,"DC","D","not bleached","HIMB","20150506",2015-05-05 14:00:00,194,"D"
"65","25",2014-10-24,NA,"25_10.24",23.96027805,NA,21.50780512,0.18252755232162,NA,0.575042158862745,2,0,2,0.0133742390813965,NA,0.0133742390813965,-Inf,0,"C","C","bleached","HIMB","20141024",2014-10-23 14:00:00,0,"C"
"66","25",2014-11-04,NA,"25_11.04",26.578115,NA,20.71475722,0.228392760891077,NA,0.16022141636075,2,0,2,0.00125744914781536,NA,0.00125744914781536,-Inf,0,"C","C","bleached","HIMB","20141104",2014-11-03 14:00:00,11,"C"
"67","25",2014-11-24,NA,"25_11.24",23.14741184,NA,21.06992175,0.300692477652689,NA,0.341455557242497,2,0,2,0.0173440359558888,NA,0.0173440359558888,-Inf,0,"C","C","bleached","HIMB","20141124",2014-11-23 14:00:00,31,"C"
"68","25",2014-12-16,"1:2","25_12.16_1:2",24.60708763,NA,20.99597098,0.0948526612733817,NA,0.0137526894929247,2,0,2,0.00599076892655331,NA,0.00599076892655331,-Inf,0,"C","C","bleached","HIMB","20141216",2014-12-15 14:00:00,53,"C"
"69","25",2015-01-14,NA,"25_01.14",24.322218435,39.06243134,23.963933245,0.27096714399837,NA,0.392275894362867,2,1,2,0.0571060878089197,NA,0.0571060878089197,-Inf,0,"C","C","bleached","HIMB","20150114",2015-01-13 14:00:00,82,"C"
"70","25",2015-05-06,NA,"25_05.06",23.751796265,NA,20.48063399,0.135461994635759,NA,0.53326620537743,2,0,2,0.00758261546894341,NA,0.00758261546894341,-Inf,0,"C","C","bleached","HIMB","20150506",2015-05-05 14:00:00,194,"C"
"71","26",2014-10-24,NA,"26_10.24",NA,26.42878246,21.539971605,NA,0.0757469895991132,0.130719966855493,0,2,2,NA,0.0271800951443959,0.0271800951443959,Inf,1,"D","D","not bleached","HIMB","20141024",2014-10-23 14:00:00,0,"D"
"72","26",2014-11-04,NA,"26_11.04",NA,24.37393093,19.075340525,NA,0.00779412692203607,0.201994675769227,0,2,2,NA,0.0204595009660095,0.0204595009660095,Inf,1,"D","D","not bleached","HIMB","20141104",2014-11-03 14:00:00,11,"D"
"73","26",2014-11-24,NA,"26_11.24",NA,26.468193055,23.246164575,NA,0.11863966975289,0.111904265530052,0,2,2,NA,0.0862983443499847,0.0862983443499847,Inf,1,"D","D","not bleached","HIMB","20141124",2014-11-23 14:00:00,31,"D"
"74","26",2014-12-16,"1:2","26_12.16_1:2",NA,22.86399651,20.91899039,NA,0.112397889702933,0.139640267392585,0,2,2,NA,0.20913393027231,0.20913393027231,Inf,1,"D","D","not bleached","HIMB","20141216",2014-12-15 14:00:00,53,"D"
"75","26",2015-01-14,NA,"26_01.14",34.438400765,25.94150734,24.747657075,1.07254760550786,0.284659142516266,0.181951649203685,2,2,2,8.85793454951409e-05,0.352001847613086,0.352090426958581,8.28749299385546,0.99974841876202,"DC","D","not bleached","HIMB","20150114",2015-01-13 14:00:00,82,"D"
"76","26",2015-05-06,NA,"26_05.06",34.122171895,25.66816044,20.496485965,0.415431703974146,0.379571144190728,0.004662457054178,2,2,2,5.79157682417391e-06,0.0223408935043691,0.0223466850811932,8.2577694772531,0.999740830606279,"DC","D","not bleached","HIMB","20150506",2015-05-05 14:00:00,194,"D"
"77","31",2014-10-24,NA,"31_10.24",23.601556315,NA,24.504410995,0.200439620678178,NA,0.33990859852409,2,0,2,0.136874749821315,NA,0.136874749821315,-Inf,0,"C","C","bleached","HIMB","20141024",2014-10-23 14:00:00,0,"C"
"78","31",2014-11-04,NA,"31_11.04",24.50242664,NA,20.71090056,0.029245186936689,NA,0.0216803323173832,2,0,2,0.00528656916542528,NA,0.00528656916542528,-Inf,0,"C","C","bleached","HIMB","20141104",2014-11-03 14:00:00,11,"C"
"79","31",2014-11-24,NA,"31_11.24",26.687283055,NA,22.10805632,0.277872480122861,NA,0.077343848843065,2,0,2,0.00306233285484705,NA,0.00306233285484705,-Inf,0,"C","C","bleached","HIMB","20141124",2014-11-23 14:00:00,31,"C"
"80","31",2014-12-16,"1:2","31_12.16_1:2",22.846170915,NA,22.49168612,0.238940934375548,NA,0.0525641967930643,2,0,2,0.0572567168633687,NA,0.0572567168633687,-Inf,0,"C","C","bleached","HIMB","20141216",2014-12-15 14:00:00,53,"C"
"81","31",2015-01-14,"original","31_01.14",23.067551155,NA,25.733682885,0.127856679366435,NA,0.0871421497282233,2,0,2,0.46464644754586,NA,0.46464644754586,-Inf,0,"C","C","bleached","HIMB","20150114",2015-01-13 14:00:00,82,"C"
"82","31",2015-05-06,NA,"31_05.06",23.221806065,34.1495285,23.69745566,0.210545421089271,NA,0.026255129343897,2,1,2,0.101793909332919,NA,0.101793909332919,-Inf,0,"C","C","bleached","HIMB","20150506",2015-05-05 14:00:00,194,"C"
"83","32",2014-10-24,NA,"32_10.24",NA,25.782515525,22.666996255,NA,0.214924646522243,0.423831411285722,0,2,2,NA,0.0929105285708348,0.0929105285708348,Inf,1,"D","D","not bleached","HIMB","20141024",2014-10-23 14:00:00,0,"D"
"84","32",2014-11-04,"rerun","32_11.04_rerun",NA,24.796401975,20.260180725,NA,0.220814421745459,0.317183020962758,0,2,2,NA,0.0347049177858775,0.0347049177858775,Inf,1,"D","D","not bleached","HIMB","20141104",2014-11-03 14:00:00,11,"D"
"85","32",2014-11-24,NA,"32_11.24",NA,25.23222351,22.1981938,NA,0.0735337736582712,0.0670101196321272,0,2,2,NA,0.0983095555493779,0.0983095555493779,Inf,1,"D","D","not bleached","HIMB","20141124",2014-11-23 14:00:00,31,"D"
"86","32",2014-12-16,"1:2","32_12.16_1:2",NA,24.089352605,22.213636655,NA,0.303571950815968,0.392959680762408,0,2,2,NA,0.219423389191327,0.219423389191327,Inf,1,"D","D","not bleached","HIMB","20141216",2014-12-15 14:00:00,53,"D"
"87","32",2015-01-14,NA,"32_01.14",NA,26.679686545,23.521310105,NA,0.379598120314429,0.295973381345337,0,2,2,NA,0.0901910903107997,0.0901910903107997,Inf,1,"D","D","not bleached","HIMB","20150114",2015-01-13 14:00:00,82,"D"
"88","32",2015-05-06,NA,"32_05.06",NA,25.309158325,21.51991011,NA,0.149597709729916,0.0211327629681685,0,2,2,NA,0.0582441496967613,0.0582441496967613,Inf,1,"D","D","not bleached","HIMB","20150506",2015-05-05 14:00:00,194,"D"
"89","39",2014-10-24,NA,"39_10.24",27.133309855,NA,21.610995545,0.0792644003582436,NA,0.483280720949338,2,0,2,0.00159277615432521,NA,0.00159277615432521,-Inf,0,"C","C","bleached","HIMB","20141024",2014-10-23 14:00:00,0,"C"
"90","39",2014-11-04,NA,"39_11.04",29.14053966,NA,23.64736392,0.258580690872716,NA,0.644904775534453,2,0,2,0.00162527303040834,NA,0.00162527303040834,-Inf,0,"C","C","bleached","HIMB","20141104",2014-11-03 14:00:00,11,"C"
"91","39",2014-11-24,NA,"39_11.24",31.288578525,32.906122205,22.257935775,0.523163099043181,0.132639167796718,0.347356115844124,2,2,2,0.000139972477648427,0.000501771705650223,0.00064174418329865,1.27669943157381,0.781887422915234,"DC","D","bleached","HIMB","20141124",2014-11-23 14:00:00,31,"C"
"92","39",2014-12-16,"1:2","39_12.16_1:2",30.037449375,NA,22.979485765,0.0707500568952975,NA,0.0488728094814904,2,0,2,0.000549386828532996,NA,0.000549386828532996,-Inf,0,"C","C","bleached","HIMB","20141216",2014-12-15 14:00:00,53,"C"
"93","40",2014-10-24,NA,"40_10.24",22.559662355,27.18413448,22.23345019,0.247996101389016,0.00406362953439443,0.58535970947053,2,2,2,0.0583898488957919,0.0260390546319493,0.0844289035277412,-0.807544542223439,0.308413985542208,"CD","C","not bleached","HIMB","20141024",2014-10-23 14:00:00,0,"C"
"94","40",2014-11-04,NA,"40_11.04",24.357323185,25.391614915,21.80972697,0.106916772701767,0.099296622332172,0.262950483501229,2,2,2,0.0125208588711328,0.0672471635247785,0.0797680223959113,1.6809788762724,0.843034106963462,"DC","D","not bleached","HIMB","20141104",2014-11-03 14:00:00,11,"C"
"95","40",2014-11-24,NA,"40_11.24",23.761086005,24.68288422,23.05475546,0.0735823306809335,0.0202763435190688,0.0510873759962856,2,2,2,0.0448652732431338,0.260503816067611,0.305369089310745,1.75895343902593,0.853078537371283,"DC","D","not bleached","HIMB","20141124",2014-11-23 14:00:00,31,"C"
"96","40",2014-12-16,"1:2","40_12.16_1:2",23.4867654,25.383513455,22.421514765,0.0678665390812294,0.0223924524856495,0.344058551654332,2,2,2,0.0349836084798638,0.103342563486505,0.138326171966369,1.08316970624256,0.747093352020402,"DC","D","not bleached","HIMB","20141216",2014-12-15 14:00:00,53,"C"
"97","40",2015-01-14,"original","40_01.14",23.48339702,30.02392769,31.62683703,0.186554765856782,0.730366450641847,0.39899915756227,2,2,2,20.6993500430247,2.4459832281968,23.1453332712214,-2.13565512047798,0.105679326347748,"CD","C","not bleached","HIMB","20150114",2015-01-13 14:00:00,82,"C"
"98","40",2015-05-06,NA,"40_05.06",24.90191223,33.01976013,23.945998445,0.285488592912733,0.257811938522344,0.116423752664142,2,2,2,0.0377379474531018,0.00149436002855886,0.0392323074816607,-3.2289681113011,0.0380900366173315,"CD","C","not bleached","HIMB","20150506",2015-05-05 14:00:00,194,"C"
"99","43",2014-10-24,NA,"43_10.24",29.10558464,34.24424171,22.78423239,0.64568297483142,0.908168153786358,0.0690115853762795,2,2,2,0.000915419917701425,0.000285840081635606,0.00120125999933703,-1.16395038713656,0.237950220429682,"CD","C","bleached","HIMB","20141024",2014-10-23 14:00:00,0,"C"
"100","43",2014-11-04,NA,"43_11.04",27.76754619,NA,24.312962785,0.0141910108444457,NA,0.482271891704619,2,0,2,0.00667734430719083,NA,0.00667734430719083,-Inf,0,"C","C","bleached","HIMB","20141104",2014-11-03 14:00:00,11,"C"
"101","43",2014-11-24,"reex","43_11.24_reex",29.72822811,NA,24.712240475,0.0212716811664014,NA,0.0835303331427357,2,0,2,0.00226242536897266,NA,0.00226242536897266,-Inf,0,"C","C","bleached","HIMB","20141124",2014-11-23 14:00:00,31,"C"
"102","43",2014-12-16,"1:2","43_12.16_1:2",28.32253696,NA,24.14238955,0.204365682588296,NA,0.349175508663186,2,0,2,0.00403819457743463,NA,0.00403819457743463,-Inf,0,"C","C","bleached","HIMB","20141216",2014-12-15 14:00:00,53,"C"
"103","43",2015-01-14,"original","43_01.14",25.39689876,NA,31.302631635,0.127843194840117,NA,0.462649664384557,2,0,2,4.38873885630223,NA,4.38873885630223,-Inf,0,"C","C","bleached","HIMB","20150114",2015-01-13 14:00:00,82,"C"
"104","43",2015-05-06,NA,"43_05.06",22.979442135,NA,20.67286135,0.293807371853206,NA,0.0314759391257033,2,0,2,0.0147974538532251,NA,0.0147974538532251,-Inf,0,"C","C","bleached","HIMB","20150506",2015-05-05 14:00:00,194,"C"
"105","44",2014-10-24,NA,"44_10.24",23.80042411,NA,22.72169234,0.349651603658958,NA,0.28078702578249,2,0,2,0.0346582298771654,NA,0.0346582298771654,-Inf,0,"C","C","not bleached","HIMB","20141024",2014-10-23 14:00:00,0,"C"
"106","44",2014-11-04,NA,"44_11.04",21.23045875,NA,20.014572395,0.199144872806487,NA,0.083681385293333,2,0,2,0.0315151032139253,NA,0.0315151032139253,-Inf,0,"C","C","not bleached","HIMB","20141104",2014-11-03 14:00:00,11,"C"
"107","44",2014-11-24,NA,"44_11.24",22.529505265,NA,20.544881125,0.0767760491688423,NA,0.313876009826367,2,0,2,0.0184971833616262,NA,0.0184971833616262,-Inf,0,"C","C","not bleached","HIMB","20141124",2014-11-23 14:00:00,31,"C"
"108","44",2014-12-16,NA,"44_12.16",21.313515205,NA,21.041324865,0.152710506917782,NA,0.0687485911511502,2,0,2,0.0606177121538041,NA,0.0606177121538041,-Inf,0,"C","C","not bleached","HIMB","20141216",2014-12-15 14:00:00,53,"C"
"109","44",2015-01-14,NA,"44_01.14",23.67271377,NA,24.685681595,0.216313807291358,NA,0.0482443188322361,2,0,2,0.14773068036402,NA,0.14773068036402,-Inf,0,"C","C","not bleached","HIMB","20150114",2015-01-13 14:00:00,82,"C"
"110","44",2015-05-06,NA,"44_05.06",23.44416477,NA,22.116541165,0.0762122941454035,NA,0.430685496310715,2,0,2,0.0291663759795882,NA,0.0291663759795882,-Inf,0,"C","C","not bleached","HIMB","20150506",2015-05-05 14:00:00,194,"C"
"111","51",2014-10-24,NA,"51_10.24",24.010885735,NA,22.57308127,0.0740085180800927,NA,0.832572216337842,2,0,2,0.0270218280523527,NA,0.0270218280523527,-Inf,0,"C","C","bleached","25","20141024",2014-10-23 14:00:00,0,"C"
"112","51",2014-11-04,NA,"51_11.04",24.912802235,NA,21.63844706,0.0195534470434548,NA,0.315393298344235,2,0,2,0.00756585256255475,NA,0.00756585256255475,-Inf,0,"C","C","bleached","25","20141104",2014-11-03 14:00:00,11,"C"
"113","51",2014-11-24,NA,"51_11.24",24.85593559,NA,20.940379395,0.0142193375420999,NA,0.00209182691971543,2,0,2,0.00485106544397704,NA,0.00485106544397704,-Inf,0,"C","C","bleached","25","20141124",2014-11-23 14:00:00,31,"C"
"114","51",2014-12-16,"1:2","51_12.16_1:2",23.815000075,NA,20.603403345,0.0303389892032995,NA,0.276329573126314,2,0,2,0.00790223695606985,NA,0.00790223695606985,-Inf,0,"C","C","bleached","25","20141216",2014-12-15 14:00:00,53,"C"
"115","51",2015-01-14,NA,"51_01.14",22.184414405,NA,21.154238,0.0185742879992753,NA,0.423418708412883,2,0,2,0.0358445389994263,NA,0.0358445389994263,-Inf,0,"C","C","bleached","25","20150114",2015-01-13 14:00:00,82,"C"
"117","52",2014-10-24,NA,"52_10.24",22.975648415,26.72101498,20.81181933,0.0482739890327753,0.0964306407662788,0.0963564652649322,2,2,2,0.0163365195907293,0.013399375019134,0.0297358946098633,-0.198195001894865,0.45061280970136,"CD","C","not bleached","25","20141024",2014-10-23 14:00:00,0,"D"
"118","52",2014-11-04,NA,"52_11.04",23.68370105,24.69921398,20.507303495,0.0303376386293487,0.0699475826225339,0.0119090146269968,2,2,2,0.00809740862211607,0.0440594313859735,0.0521568400080896,1.6939953485467,0.84474886475369,"DC","D","not bleached","25","20141104",2014-11-03 14:00:00,11,"D"
"119","52",2014-11-24,"reex","52_11.24_reex",22.257257,27.18132496,30.801991715,0.0977146052595593,0.0348517376097651,0.691630455274868,2,2,2,27.3374783550555,9.90510265123071,37.2425810062862,-1.01520855056119,0.265961766977397,"CD","C","not bleached","25","20141124",2014-11-23 14:00:00,31,"D"
"120","52",2014-12-16,"1:2","52_12.16_1:2",23.59342052,24.48056793,21.12252547,0.108432717716748,0.0792495581869069,0.103389929138174,2,2,2,0.0132045459375886,0.0785340827979221,0.0917386287355108,1.78297154681581,0.856063404046966,"DC","D","not bleached","25","20141216",2014-12-15 14:00:00,53,"D"
"121","52",2015-01-14,NA,"52_01.14",22.524470825,24.768294335,22.501014965,0.0450182289958866,0.163776586621997,0.158855179993479,2,2,2,0.0720238081895017,0.167267121893419,0.239290930082921,0.842595333167751,0.699011541454816,"DC","D","not bleached","25","20150114",2015-01-13 14:00:00,82,"D"
"122","52",2015-05-06,NA,"52_05.06",24.90071441,26.4443264,22.44403483,0.0438340726247713,0.341951875492211,0.102231391245743,2,2,2,0.0133352989051359,0.0503178329718441,0.06365313187698,1.32794497405134,0.790500506229474,"DC","D","not bleached","25","20150506",2015-05-05 14:00:00,194,"D"
"123","53",2014-10-24,NA,"53_10.24",23.78310348,NA,21.26497866,0.305519471383779,NA,0.154301970936997,2,0,2,0.0127792655372761,NA,0.0127792655372761,-Inf,0,"C","C","bleached","25","20141024",2014-10-23 14:00:00,0,"C"
"124","53",2014-11-04,NA,"53_11.04",23.259152905,NA,21.799751535,0.248215940887286,NA,0.104478329108981,2,0,2,0.0266203284660593,NA,0.0266203284660593,-Inf,0,"C","C","bleached","25","20141104",2014-11-03 14:00:00,11,"C"
"125","53",2014-11-24,NA,"53_11.24",22.44827034,NA,21.50324561,0.0171675909819885,NA,0.131254051678392,2,0,2,0.0380238604678276,NA,0.0380238604678276,-Inf,0,"C","C","bleached","25","20141124",2014-11-23 14:00:00,31,"C"
"126","53",2014-12-16,"1:2","53_12.16_1:2",22.06281902,NA,21.40131976,0.0708768340700978,NA,0.357958241575999,2,0,2,0.046281335083653,NA,0.046281335083653,-Inf,0,"C","C","bleached","25","20141216",2014-12-15 14:00:00,53,"C"
"127","53",2015-01-14,"original","53_01.14",21.92021038,37.7896843,29.002771635,0.0583447240185863,NA,0.361311108587146,2,1,2,9.92202648252427,NA,9.92202648252427,-Inf,0,"C","C","bleached","25","20150114",2015-01-13 14:00:00,82,"C"
"128","53",2015-05-06,NA,"53_05.06",23.90203239,NA,22.12497546,0.034161205411531,NA,0.452137906899319,2,0,2,0.0213594250406735,NA,0.0213594250406735,-Inf,0,"C","C","bleached","25","20150506",2015-05-05 14:00:00,194,"C"
"129","54",2014-10-24,"reex","54_10.24_reex",22.76457645,NA,24.88829924,0.155642574683449,NA,0.0666999118872231,2,0,2,0.319037152353611,NA,0.319037152353611,-Inf,0,"C","C","not bleached","25","20141024",2014-10-23 14:00:00,0,"C"
"130","54",2014-11-04,NA,"54_11.04",21.57282497,NA,21.47859217,0.120325546669526,NA,0.246323716069764,2,0,2,0.0685756761817944,NA,0.0685756761817944,-Inf,0,"C","C","not bleached","25","20141104",2014-11-03 14:00:00,11,"C"
"131","54",2014-11-24,NA,"54_11.24",22.14267303,NA,22.20526816,0.0809179059264381,NA,0.178447730041935,2,0,2,0.0764504435935033,NA,0.0764504435935033,-Inf,0,"C","C","not bleached","25","20141124",2014-11-23 14:00:00,31,"C"
"132","54",2014-12-16,"1:2","54_12.16_1:2",22.503333585,NA,21.50335623,0.0448887577442507,NA,0.429699598538911,2,0,2,0.0366027587276883,NA,0.0366027587276883,-Inf,0,"C","C","not bleached","25","20141216",2014-12-15 14:00:00,53,"C"
"133","54",2015-01-14,"original","54_01.14",23.139102475,NA,31.645672095,0.220718665345151,NA,0.169588127550943,2,0,2,26.6237737395919,NA,26.6237737395919,-Inf,0,"C","C","not bleached","25","20150114",2015-01-13 14:00:00,82,"C"
"134","54",2015-05-06,NA,"54_05.06",23.029672165,NA,22.485276475,0.130679506205474,NA,0.110219739187367,2,0,2,0.0501946656575535,NA,0.0501946656575535,-Inf,0,"C","C","not bleached","25","20150506",2015-05-05 14:00:00,194,"C"
"135","57",2014-10-24,NA,"57_10.24",26.571602365,NA,22.696159615,0.0124269137756724,NA,0.428743370967644,2,0,2,0.00498783965573795,NA,0.00498783965573795,-Inf,0,"C","C","bleached","25","20141024",2014-10-23 14:00:00,0,"C"
"136","57",2014-11-04,NA,"57_11.04",26.433657185,NA,23.83901526,0.162690880728028,NA,0.175874412901708,2,0,2,0.0121191441323608,NA,0.0121191441323608,-Inf,0,"C","C","bleached","25","20141104",2014-11-03 14:00:00,11,"C"
"137","57",2014-11-24,NA,"57_11.24",24.067634125,NA,23.472386615,0.512687750486103,NA,0.817938832420013,2,0,2,0.0484562322943463,NA,0.0484562322943463,-Inf,0,"C","C","bleached","25","20141124",2014-11-23 14:00:00,31,"C"
"138","57",2014-12-16,"1:2","57_12.16_1:2",24.935261265,NA,23.19231345,0.104467538659499,NA,0.422465174918454,2,0,2,0.0218704351815332,NA,0.0218704351815332,-Inf,0,"C","C","bleached","25","20141216",2014-12-15 14:00:00,53,"C"
"139","57",2015-01-14,"original","57_01.14",22.251503485,NA,26.72448279,0.149163433029181,NA,0.722674811776678,2,0,2,1.6256907654094,NA,1.6256907654094,-Inf,0,"C","C","bleached","25","20150114",2015-01-13 14:00:00,82,"C"
"140","57",2015-05-06,NA,"57_05.06",21.93139316,NA,22.114242805,0.145759314918533,NA,0.866013212279529,2,0,2,0.083096020512656,NA,0.083096020512656,-Inf,0,"C","C","bleached","25","20150506",2015-05-05 14:00:00,194,"C"
"141","58",2014-10-24,NA,"58_10.24",24.313264385,25.16296196,21.78786875,0.0672501894554103,0.328885687688868,0.0691585928760853,2,2,2,0.0127150233169096,0.0776113769824995,0.0903264002994091,1.80892979435849,0.859232480484526,"DC","D","not bleached","25","20141024",2014-10-23 14:00:00,0,"D"
"142","58",2014-11-04,"reex","58_11.04_reex",24.108665005,24.306715015,22.04013468,0.187980342625131,0.0393172795675168,0.43397632177288,2,2,2,0.0174520851475453,0.167348188162471,0.184800273310016,2.260617466757,0.905562449476099,"DC","D","not bleached","25","20141104",2014-11-03 14:00:00,11,"D"
"143","58",2014-11-24,NA,"58_11.24",25.74563171,24.67443466,23.277625335,0.115280056943048,0.0393037950412017,0.0544159609605676,2,2,2,0.0132310115822473,0.30580753218592,0.319038543768168,3.14039248783,0.958528485536651,"DC","D","not bleached","25","20141124",2014-11-23 14:00:00,31,"D"
"144","58",2014-12-16,"1:2","58_12.16_1:2",27.912765995,24.50130653,21.93964316,0.349337358334329,0.291127500792121,0.0625324366509429,2,2,2,0.0011653271285775,0.136393027657376,0.137558354785953,4.76253878255766,0.991528488906466,"DC","D","not bleached","25","20141216",2014-12-15 14:00:00,53,"D"
"145","58",2015-01-14,NA,"58_01.14",22.477282065,24.562392235,23.342894805,0.28369887029421,0.161071097082227,0.137463460379907,2,2,2,0.13338665981177,0.345799512812004,0.479186172623773,0.952607037306002,0.721639171928911,"DC","D","not bleached","25","20150114",2015-01-13 14:00:00,82,"D"
"146","58",2015-05-06,NA,"58_05.06",26.05215122,27.61828232,23.455262435,0.242577025936835,0.362476385207202,0.268837550505472,2,2,2,0.0121002844105642,0.0449506343775451,0.0570509187881094,1.31233591644613,0.787903776703309,"DC","D","not bleached","25","20150506",2015-05-05 14:00:00,194,"D"
"147","65",2014-10-24,"original","65_10.24",23.27971412,NA,25.03736426,0.058289428268297,NA,0.30805232787399,2,0,2,0.247538304535573,NA,0.247538304535573,-Inf,0,"C","C","bleached","25","20141024",2014-10-23 14:00:00,0,"C"
"148","65",2014-11-04,NA,"65_11.04",25.73149921,NA,22.26271178,0.115621278391378,NA,0.189010745697743,2,0,2,0.00661192521775872,NA,0.00661192521775872,-Inf,0,"C","C","bleached","25","20141104",2014-11-03 14:00:00,11,"C"
"149","65",2014-11-24,NA,"65_11.24",23.12807895,NA,23.764895695,0.206574853878346,NA,0.488497486080355,2,0,2,0.113825073643834,NA,0.113825073643834,-Inf,0,"C","C","bleached","25","20141124",2014-11-23 14:00:00,31,"C"
"150","65",2014-12-16,NA,"65_12.16",22.57200004,37.931186675,23.309645905,0.25212716769713,0.214578036920239,0.308888516998082,2,2,2,0.122064824070375,3.19453263019736e-05,0.122096769396677,-8.24828163894587,0.00026163940667576,"CD","C","bleached","25","20141216",2014-12-15 14:00:00,53,"C"
"151","65",2015-01-14,"original","65_01.14",24.00112106,NA,27.242315545,0.146982581365714,NA,0.558919806053642,2,0,2,0.692203450352324,NA,0.692203450352324,-Inf,0,"C","C","bleached","25","20150114",2015-01-13 14:00:00,82,"C"
"152","65",2015-05-06,NA,"65_05.06",25.043283955,NA,22.03328253,0.254931107714046,NA,0.145283219922761,2,0,2,0.00908732963643919,NA,0.00908732963643919,-Inf,0,"C","C","bleached","25","20150506",2015-05-05 14:00:00,194,"C"
"153","66",2014-10-24,NA,"66_10.24",24.36187221,NA,22.652301085,0.192648187832981,NA,0.391590750318301,2,0,2,0.02238230500665,NA,0.02238230500665,-Inf,0,"C","C","not bleached","25","20141024",2014-10-23 14:00:00,0,"C"
"154","66",2014-11-04,NA,"66_11.04",22.905690685,NA,21.28904845,0.198074009083854,NA,0.16975132072497,2,0,2,0.0238714716157553,NA,0.0238714716157553,-Inf,0,"C","C","not bleached","25","20141104",2014-11-03 14:00:00,11,"C"
"155","66",2014-11-24,NA,"66_11.24",22.817863955,NA,22.63663031,0.590349896375653,NA,0.0222063349097709,2,0,2,0.0645624845016476,NA,0.0645624845016476,-Inf,0,"C","C","not bleached","25","20141124",2014-11-23 14:00:00,31,"C"
"156","66",2014-12-16,"1:2","66_12.16_1:2",23.142817035,NA,24.294604555,0.0233918347837711,NA,0.370540252153057,2,0,2,0.162652068279501,NA,0.162652068279501,-Inf,0,"C","C","not bleached","25","20141216",2014-12-15 14:00:00,53,"C"
"157","66",2015-01-14,NA,"66_01.14",22.31942512,NA,23.8384936,0.154764574335386,NA,0.0495889743005432,2,0,2,0.209808063798987,NA,0.209808063798987,-Inf,0,"C","C","not bleached","25","20150114",2015-01-13 14:00:00,82,"C"
"158","66",2015-05-06,NA,"66_05.06",23.255549925,NA,22.40424372,0.174773878978536,NA,0.0024843065386124,2,0,2,0.0405759124483894,NA,0.0405759124483894,-Inf,0,"C","C","not bleached","25","20150506",2015-05-05 14:00:00,194,"C"
"159","69",2014-10-24,"reex","69_10.24_reex",24.82897331,NA,24.53155352,0.0279598789405236,NA,0.474148670215551,2,0,2,0.0595668617182596,NA,0.0595668617182596,-Inf,0,"C","C","bleached","25","20141024",2014-10-23 14:00:00,0,"C"
"160","69",2014-11-04,"1:2","69_11.04_1:2",26.75322582,30.12119961,23.861483825,0.0860524062545335,0.092705531532311,0.241307903614891,2,2,2,0.00986361057972091,0.0105091470147694,0.0203727575944903,0.0633937360600768,0.515843128551804,"DC","D","bleached","25","20141104",2014-11-03 14:00:00,11,"C"
"161","69",2014-11-24,NA,"69_11.24",25.37063171,28.86410141,23.58427073,0.0410017988391353,0.443587147437141,0.401993273947983,2,2,2,0.0212221197068816,0.0207272781961365,0.0419493979030181,-0.0235934001282288,0.494101923561703,"CD","C","bleached","25","20141124",2014-11-23 14:00:00,31,"C"
"162","69",2014-12-16,"reex","69_12.16_reex",24.08146526,36.09822845,24.19750811,0.0791794273363492,NA,0.473479718916275,2,1,2,0.0793358312763141,NA,0.0793358312763141,-Inf,0,"C","C","bleached","25","20141216",2014-12-15 14:00:00,53,"C"
"163","69",2015-01-14,NA,"69_01.14",22.32081844,25.39076519,23.534013045,0.0769540774431405,0.0934365243805636,0.724735624992971,2,2,2,0.169724666765798,0.222326685249795,0.392051352015592,0.269970338566703,0.567085623112332,"DC","D","bleached","25","20150114",2015-01-13 14:00:00,82,"C"
"164","69",2015-05-06,"reex","69_05.06_reex",22.246707455,NA,23.93752028,0.366580482462683,NA,0.128392107692217,2,0,2,0.236331915697187,NA,0.236331915697187,-Inf,0,"C","C","bleached","25","20150506",2015-05-05 14:00:00,194,"C"
"165","70",2014-10-24,NA,"70_10.24",29.234812275,25.77543926,22.056930795,0.970496936613248,0.188185339952065,0.205261226255597,2,2,2,0.000505567755263949,0.0611712135039107,0.0616767812591746,4.79574992465078,0.991802948452522,"DC","D","not bleached","25","20141024",2014-10-23 14:00:00,0,"D"
"166","70",2014-11-04,"1:2","70_11.04_1:2",28.295547975,26.117589,22.84893443,0.129574920560447,0.245523935873834,0.134770111863572,2,2,2,0.00167858348584542,0.0835538780815764,0.0852324615674219,3.90754139569485,0.980305819461549,"DC","D","not bleached","25","20141104",2014-11-03 14:00:00,11,"D"
"167","70",2014-11-24,"reex","70_11.24_reex",28.051589505,25.80238247,26.682958855,0.110759219235004,0.195263309126114,0.105079850705601,2,2,2,0.0283490245055608,1.48255081702625,1.51089984153181,3.95692678760422,0.981236992865907,"DC","D","not bleached","25","20141124",2014-11-23 14:00:00,31,"D"
"168","70",2014-12-16,"1:2","70_12.16_1:2",35.253931535,24.019292835,20.31139685,0.249735923481987,0.0197827193461901,0.369153792531844,2,2,2,2.32480133607125e-06,0.0616228486783273,0.0616251734796633,10.185153412313,0.999962275135228,"DC","D","not bleached","25","20141216",2014-12-15 14:00:00,53,"D"
"169","70",2015-01-14,NA,"70_01.14",31.751530185,25.08154011,23.0820563,0.367534001814981,0.184074503968959,0.175422599952801,2,2,2,0.000179789908738685,0.201384054568626,0.201563844477365,7.02118008764744,0.999108025007139,"DC","D","not bleached","25","20150114",2015-01-13 14:00:00,82,"D"
"170","70",2015-05-06,NA,"70_05.06",33.8896413,25.60360527,23.24233748,0.385984206716294,0.0493650901514842,0.229692903987511,2,2,2,4.56435247979434e-05,0.156717411768448,0.156763055293246,8.14133778501099,0.999708837489085,"DC","D","not bleached","25","20150506",2015-05-05 14:00:00,194,"D"
"171","71",2014-10-24,NA,"71_10.24",29.684502145,32.935768125,21.948862325,0.299597331883191,0.403541576169273,0.135781635185126,2,2,2,0.000343460957653142,0.000396772421336482,0.000740233378989624,0.144289425510908,0.536009902549995,"DC","D","bleached","25","20141024",2014-10-23 14:00:00,0,"C"
"172","71",2014-11-04,"1:2","71_11.04_1:2",28.99187614,33.059482575,21.971242205,0.000343922596232184,0.0697385406448116,0.139489208170919,2,2,2,0.000563787697677495,0.000369859461177088,0.000933647158854583,-0.421554659249374,0.396144793747179,"CD","C","bleached","25","20141104",2014-11-03 14:00:00,11,"C"
"173","71",2014-11-24,NA,"71_11.24",26.98183395,30.893731115,23.860359445,0.0265976942951126,0.17272655028856,0.0553452124081315,2,2,2,0.00841161799208968,0.00614715041195373,0.0145587684040434,-0.313625217761825,0.422230111871721,"CD","C","bleached","25","20141124",2014-11-23 14:00:00,31,"C"
"174","71",2014-12-16,"1:2","71_12.16_1:2",26.23104526,29.95641518,20.373660345,0.0421495462820869,0.224469393057801,0.204458744911765,2,2,2,0.00126266587237374,0.00105010575044041,0.00231277162281414,-0.18433438379246,0.454046452352547,"CD","C","bleached","25","20141216",2014-12-15 14:00:00,53,"C"
"175","71",2015-01-14,NA,"71_01.14",24.81913425,28.022517205,22.424084915,0.0474634254584313,0.240083279522692,0.0170489031087635,2,2,2,0.0139173101937266,0.0166201001006346,0.0305374102943612,0.177479409286333,0.54425375106885,"DC","D","bleached","25","20150114",2015-01-13 14:00:00,82,"C"
"176","71",2015-05-06,NA,"71_05.06",25.696813125,29.824708935,21.907569185,0.0280569859147848,0.262068431431308,0.300076113884733,2,2,2,0.00529493838966598,0.0033314487647511,0.00862638715441708,-0.463344069548342,0.386192818049588,"CD","C","bleached","25","20150506",2015-05-05 14:00:00,194,"C"
"177","72",2014-10-24,NA,"72_10.24",24.2038541,27.635892865,20.43910052,0.259389918015241,0.563510781683309,0.145044500673431,2,2,2,0.00538558945709486,0.00548882411934377,0.0108744135764386,0.0189872792661799,0.504746677212672,"DC","D","not bleached","25","20141024",2014-10-23 14:00:00,0,"C"
"178","72",2014-11-04,"1:2","72_11.04_1:2",24.265870585,27.97392464,21.644654525,0.408918840397484,0.741749469747522,0.140050269117522,2,2,2,0.0118979554597906,0.0100145059256506,0.0219124613854412,-0.172331940788753,0.457023323372713,"CD","C","not bleached","25","20141104",2014-11-03 14:00:00,11,"C"
"179","72",2014-11-24,NA,"72_11.24",24.21250202,28.04263878,21.933892505,0.0622047068000007,0.242714600632181,0.209411165243705,2,2,2,0.0150871492127521,0.011668467434143,0.0267556166468951,-0.256953223554635,0.436112820277573,"CD","C","not bleached","25","20141124",2014-11-23 14:00:00,31,"C"
"180","72",2014-12-16,"1:2","72_12.16_1:2",24.60375072,28.011610985,24.847163455,0.0520813701407359,0.00598147990166645,0.279651419362971,2,2,2,0.0866585728557121,0.089812349329958,0.17647092218567,0.035746538371355,0.508935683100607,"DC","D","not bleached","25","20141216",2014-12-15 14:00:00,53,"C"
"181","72",2015-01-14,"reex","72_01.14_reex",21.42515136,NA,25.925113935,0.190394511242118,NA,0.568487484062114,2,0,2,1.65638280118681,NA,1.65638280118681,-Inf,0,"C","C","not bleached","25","20150114",2015-01-13 14:00:00,82,"C"
"182","72",2015-05-06,"reex","72_05.06_reex",22.66886951,33.6013546,24.96472956,0.281230749429821,0.432924330730244,0.00576973677604015,2,2,2,0.359467589062925,0.0020232357245194,0.361490824787445,-5.17992594384877,0.00559692137610702,"CD","C","not bleached","25","20150506",2015-05-05 14:00:00,194,"C"
"183","77",2014-10-24,NA,"77_10.24",24.36442806,NA,21.251127495,0.0671760068829953,NA,0.432249984206226,2,0,2,0.00845941132629479,NA,0.00845941132629479,-Inf,0,"C","C","bleached","25","20141024",2014-10-23 14:00:00,0,"C"
"184","77",2014-11-04,"1:2","77_11.04_1:2",25.93508579,33.98718834,22.23416163,0.0796730585802963,0.498595190118801,0.634525183377686,2,2,2,0.00562921471346343,0.000233300733158801,0.00586251544662224,-3.18339690731368,0.0397953293740523,"CD","C","bleached","25","20141104",2014-11-03 14:00:00,11,"C"
"185","77",2014-11-24,NA,"77_11.24",26.3314748,35.39678574,22.36471774,0.31810687718558,NA,0.581472757636486,2,1,2,0.00468192160388252,NA,0.00468192160388252,-Inf,0,"C","C","bleached","25","20141124",2014-11-23 14:00:00,31,"C"
"186","77",2014-12-16,"1:2","77_12.16_1:2",24.232522505,28.637577055,20.91474177,0.193383232403093,0.356018810309763,0.0585497284165881,2,2,2,0.00734151140341434,0.00381175177126016,0.0111532631746745,-0.65545586874689,0.341761125113181,"CD","C","bleached","25","20141216",2014-12-15 14:00:00,53,"C"
"187","77",2015-01-14,NA,"77_01.14",22.636628645,NA,22.147516505,0.0599213529375302,NA,0.616395976670762,2,0,2,0.0521554350754703,NA,0.0521554350754703,-Inf,0,"C","C","bleached","25","20150114",2015-01-13 14:00:00,82,"C"
"188","77",2015-05-06,NA,"77_05.06",24.876026645,NA,22.799105895,0.0349447999332374,NA,0.16187222078104,2,0,2,0.0173508818948131,NA,0.0173508818948131,-Inf,0,"C","C","bleached","25","20150506",2015-05-05 14:00:00,194,"C"
"189","78",2014-10-24,NA,"78_10.24",26.178390995,27.25204754,22.270344035,0.414760051526967,0.22119609677274,0.554191269870761,2,2,2,0.00487638109108144,0.0254851678705607,0.0303615489616421,1.65369326574189,0.839389581300937,"DC","D","not bleached","25","20141024",2014-10-23 14:00:00,0,"D"
"190","78",2014-11-04,"1:2","78_11.04_1:2",29.91818382,25.04048443,22.194718615,0.336485600662382,0.0986883620079307,0.247652178792784,2,2,2,0.000346371619979325,0.112013098850576,0.112359470470555,5.77885885259583,0.996917290384791,"DC","D","not bleached","25","20141104",2014-11-03 14:00:00,11,"D"
"191","78",2014-11-24,NA,"78_11.24",24.45095779,26.15682888,22.18274714,0.0225165285125433,0.380234707336327,0.381770868534184,2,2,2,0.0151962894043962,0.0512403248245241,0.0664366142289203,1.21547553636615,0.771266347920224,"DC","D","not bleached","25","20141124",2014-11-23 14:00:00,31,"D"
"192","78",2014-12-16,"1:2","78_12.16_1:2",32.17361118,23.96816349,20.57781531,0.451034664757175,0.0401413347392467,0.156903614774881,2,2,2,2.36512782528873e-05,0.0767950425236681,0.076818693801921,8.08547820435398,0.999692115589548,"DC","D","not bleached","25","20141216",2014-12-15 14:00:00,53,"D"
"193","78",2015-01-14,NA,"78_01.14",22.63683464,39.16928482,21.45813109,0.123666272657243,NA,0.297837279465207,2,1,2,0.0323379044467237,NA,0.0323379044467237,-Inf,0,"C","C","not bleached","25","20150114",2015-01-13 14:00:00,82,"D"
"194","78",2015-05-06,NA,"78_05.06",23.58126499,28.881132125,23.296620625,0.0366657352040855,0.229904647113138,0.313867920524791,2,2,2,0.0600966835498799,0.0167812462568066,0.0768779298066865,-1.27569268916919,0.218284315134447,"CD","C","not bleached","25","20150506",2015-05-05 14:00:00,194,"D"
"195","79",2014-10-24,NA,"79_10.24",26.974959865,NA,21.190861,0.294969940254289,NA,0.267217759788603,2,0,2,0.00132846385241835,NA,0.00132846385241835,-Inf,0,"C","C","bleached","25","20141024",2014-10-23 14:00:00,0,"C"
"196","79",2014-11-04,"1:2","79_11.04_1:2",29.631457825,NA,23.940614,0.325666336580141,NA,0.101757997397875,2,0,2,0.00141717116107748,NA,0.00141717116107748,-Inf,0,"C","C","bleached","25","20141104",2014-11-03 14:00:00,11,"C"
"197","79",2014-11-24,NA,"79_11.24",25.410419955,NA,22.4969752,0.127166147168198,NA,0.0953044742222885,2,0,2,0.00971634072760398,NA,0.00971634072760398,-Inf,0,"C","C","bleached","25","20141124",2014-11-23 14:00:00,31,"C"
"198","79",2014-12-16,"1:2","79_12.16_1:2",32.8677869,NA,22.580368295,0.727404705604573,NA,0.512578502488409,2,0,2,5.85754211660066e-05,NA,5.85754211660066e-05,-Inf,0,"C","C","bleached","25","20141216",2014-12-15 14:00:00,53,"C"
"199","79",2015-01-14,NA,"79_01.14",26.97874977,NA,22.72251536,0.132179258475167,NA,0.0730131733616891,2,0,2,0.00383074084188437,NA,0.00383074084188437,-Inf,0,"C","C","bleached","25","20150114",2015-01-13 14:00:00,82,"C"
"200","79",2015-05-06,NA,"79_05.06",24.60577251,NA,20.97223498,0.0988947099088148,NA,0.112066115201197,2,0,2,0.00589838628511941,NA,0.00589838628511941,-Inf,0,"C","C","bleached","25","20150506",2015-05-05 14:00:00,194,"C"
"201","80",2014-10-24,"original","80_10.24",25.38239147,36.357318875,26.22507502,0.130497433280387,0.298844758135969,0.421414541520832,2,2,2,0.131283462803416,0.000717497445840802,0.132000960249257,-5.20934471482746,0.00543554716939904,"CD","C","not bleached","25","20141024",2014-10-23 14:00:00,0,"C"
"202","80",2014-11-04,"1:2","80_11.04_1:2",23.55725338,34.68336296,22.2665589,0.131352509226604,0.0925774037835624,0.331864954832176,2,2,2,0.0299225942961372,0.00014726488778305,0.0300698591839203,-5.31413621317963,0.00489742525504739,"CD","C","not bleached","25","20141104",2014-11-03 14:00:00,11,"C"
"203","80",2014-11-24,"original","80_11.24",23.08441307,37.48960495,24.8581679,0.337818115107259,1.15412502285804,0.109155621263428,2,2,2,0.250317035462955,0.000126907778740711,0.250443943241696,-7.58702286424865,0.000506731275262806,"CD","C","not bleached","25","20141124",2014-11-23 14:00:00,31,"C"
"204","80",2014-12-16,"1:2","80_12.16_1:2",26.337283625,32.06935215,22.60498072,0.103781051112052,0.469761355480998,0.325718938253595,2,2,2,0.00550810068947042,0.00113990850134142,0.00664800919081184,-1.57527186408179,0.171466144017502,"CD","C","not bleached","25","20141216",2014-12-15 14:00:00,53,"C"
"205","80",2015-01-14,"reex","80_01.14_reex",NA,24.230899815,24.80646254,NA,0.0504656240746559,0.174725321955872,0,2,2,NA,1.20002785709176,1.20002785709176,Inf,1,"D","D","not bleached","25","20150114",2015-01-13 14:00:00,82,"C"
"206","80",2015-05-06,"reex","80_05.06_reex",25.906480325,30.839125635,28.17338778,0.0174885821053086,0.619270054609299,0.478391678598197,2,2,2,0.352325550623896,0.126900293983875,0.479225844607771,-1.02115391653037,0.264802692533702,"CD","C","not bleached","25","20150506",2015-05-05 14:00:00,194,"C"
"207","83",2014-10-24,NA,"83_10.24",27.851475255,35.198413845,23.42086531,0.471866673998102,0.980925078721613,0.622609430023065,2,2,2,0.00339461483986363,0.000229368776890826,0.00362398361675446,-2.69461449660719,0.0632918912299728,"CD","C","bleached","25","20141024",2014-10-23 14:00:00,0,"C"
"208","83",2014-11-04,"1:2","83_11.04_1:2",28.94379951,NA,23.98673083,0.236738515955254,NA,0.350640195507601,2,0,2,0.00235673436585343,NA,0.00235673436585343,-Inf,0,"C","C","bleached","25","20141104",2014-11-03 14:00:00,11,"C"
"209","83",2014-11-24,NA,"83_11.24",24.309376255,NA,24.103678955,0.531997083055489,NA,0.38081195395715,2,0,2,0.0634769338427948,NA,0.0634769338427948,-Inf,0,"C","C","bleached","25","20141124",2014-11-23 14:00:00,31,"C"
"210","83",2014-12-16,"1:2","83_12.16_1:2",23.274631035,NA,24.69784571,0.040928973911742,NA,0.28186194122698,2,0,2,0.196321247662217,NA,0.196321247662217,-Inf,0,"C","C","bleached","25","20141216",2014-12-15 14:00:00,53,"C"
"211","83",2015-01-14,"original","83_01.14",23.833659665,NA,27.752876535,0.0459461369405682,NA,0.458328435849776,2,0,2,1.10748750570561,NA,1.10748750570561,-Inf,0,"C","C","bleached","25","20150114",2015-01-13 14:00:00,82,"C"
"212","83",2015-05-06,NA,"83_05.06",22.90314819,NA,22.97738673,0.392944852733208,NA,0.0012003420453369,2,0,2,0.0770699407934803,NA,0.0770699407934803,-Inf,0,"C","C","bleached","25","20150506",2015-05-05 14:00:00,194,"C"
"213","84",2014-10-24,"original","84_10.24",22.450148125,36.37419128,25.06760146,0.170564585447219,NA,0.369366886231424,2,1,2,0.449230220236963,NA,0.449230220236963,-Inf,0,"C","C","not bleached","25","20141024",2014-10-23 14:00:00,0,"C"
"214","84",2014-11-04,"1:2","84_11.04_1:2",22.711329,NA,22.25126483,0.21500153024256,NA,0.194641564275552,2,0,2,0.0532162028363417,NA,0.0532162028363417,-Inf,0,"C","C","not bleached","25","20141104",2014-11-03 14:00:00,11,"C"
"215","84",2014-11-24,"reex","84_11.24_reex",21.179500115,NA,23.615996615,0.0577958040954183,NA,0.0315851800523287,2,0,2,0.396273954476345,NA,0.396273954476345,-Inf,0,"C","C","not bleached","25","20141124",2014-11-23 14:00:00,31,"C"
"216","84",2014-12-16,"1:2","84_12.16_1:2",22.481812015,NA,21.77210738,0.201765389324362,NA,0.0349515386608645,2,0,2,0.0447604675948525,NA,0.0447604675948525,-Inf,0,"C","C","not bleached","25","20141216",2014-12-15 14:00:00,53,"C"
"217","84",2015-01-14,"original","84_01.14",21.13674785,NA,25.94555594,0.105856699428614,NA,0.0642237087923203,2,0,2,2.05178795733585,NA,2.05178795733585,-Inf,0,"C","C","not bleached","25","20150114",2015-01-13 14:00:00,82,"C"
"218","84",2015-05-06,NA,"84_05.06",23.86058094,NA,22.22653033,0.0153535933876656,NA,0.215608439992855,2,0,2,0.0235851558250125,NA,0.0235851558250125,-Inf,0,"C","C","not bleached","25","20150506",2015-05-05 14:00:00,194,"C"
"219","91",2014-10-24,NA,"91_10.24",27.32282688,NA,21.42676951,0.0427483667308021,NA,0.0599092119140976,2,0,2,0.00122926884102774,NA,0.00122926884102774,-Inf,0,"C","C","bleached","25","20141024",2014-10-23 14:00:00,0,"C"
"220","91",2014-11-04,"1:2","91_11.04_1:2",25.27220203,NA,23.68523146,0.0214551046654394,NA,0.259493763717127,2,0,2,0.0243675156786862,NA,0.0243675156786862,-Inf,0,"C","C","bleached","25","20141104",2014-11-03 14:00:00,11,"C"
"221","91",2014-11-24,NA,"91_11.24",26.816425815,NA,23.22800948,0.0216762947376652,NA,0.100773450200022,2,0,2,0.00608577713553344,NA,0.00608577713553344,-Inf,0,"C","C","bleached","25","20141124",2014-11-23 14:00:00,31,"C"
"222","91",2014-12-16,"1:2","91_12.16_1:2",22.563159485,NA,22.65034796,0.122571126887742,NA,0.152760407443332,2,0,2,0.0777648510031264,NA,0.0777648510031264,-Inf,0,"C","C","bleached","25","20141216",2014-12-15 14:00:00,53,"C"
"223","92",2014-10-24,NA,"92_10.24",22.619472045,28.306875225,24.76499583,0.06024773928559,0.36588859261943,0.0585578177181659,2,2,2,0.323894828363034,0.0691381483629151,0.393032976725949,-1.5443122061263,0.175909281045196,"CD","C","not bleached","25","20141024",2014-10-23 14:00:00,0,"C"
"224","92",2014-11-04,"1:2","92_11.04_1:2",25.51646568,27.44179821,23.06865622,0.289432183999954,0.158155207919716,0.0908146572887399,2,2,2,0.0134175408706588,0.0388582080192007,0.0522757488898595,1.06335645798852,0.743331446118,"DC","D","not bleached","25","20141104",2014-11-03 14:00:00,11,"C"
"225","92",2014-11-24,NA,"92_11.24",23.032724875,28.43393898,21.46161772,0.0332022766923595,0.181292137779938,0.224149752508434,2,2,2,0.0246369316085322,0.00641286126385624,0.0310497928723885,-1.34594105568299,0.206534751784415,"CD","C","not bleached","25","20141124",2014-11-23 14:00:00,31,"C"
"226","92",2014-12-16,"1:2","92_12.16_1:2",22.78262474,25.54819584,20.674138325,0.188174549502583,0.107541225771301,0.0419243115590772,2,2,2,0.0169753736176029,0.0274594712609105,0.0444348448785135,0.480947462195302,0.617971579196141,"DC","D","not bleached","25","20141216",2014-12-15 14:00:00,53,"C"
"227","109",2014-10-24,NA,"109_10.24",27.576025505,NA,22.12558867,0.0820143951988209,NA,0.345484128422678,2,0,2,0.0016741409564239,NA,0.0016741409564239,-Inf,0,"C","C","bleached","44","20141024",2014-10-23 14:00:00,0,"C"
"228","109",2014-11-04,NA,"109_11.04",27.106558335,NA,23.02902819,0.071505331790418,NA,0.472983400666564,2,0,2,0.00433588860564507,NA,0.00433588860564507,-Inf,0,"C","C","bleached","44","20141104",2014-11-03 14:00:00,11,"C"
"229","109",2014-11-24,"reex","109_11.24_reex",28.474354285,NA,25.787574065,0.293220685356858,NA,0.0903722842153617,2,0,2,0.0113693480042548,NA,0.0113693480042548,-Inf,0,"C","C","bleached","44","20141124",2014-11-23 14:00:00,31,"C"
"230","109",2014-12-16,"1:2","109_12.16_1:2",23.590754045,NA,24.2940333,0.208716588394682,NA,0.841164779952921,2,0,2,0.119191462605816,NA,0.119191462605816,-Inf,0,"C","C","bleached","44","20141216",2014-12-15 14:00:00,53,"C"
"231","109",2015-01-14,"original","109_01.14",24.205202595,NA,35.455871835,0.163338251128339,NA,0.163589118472165,2,0,2,178.371683187245,NA,178.371683187245,-Inf,0,"C","C","bleached","44","20150114",2015-01-13 14:00:00,82,"C"
"232","109",2015-05-06,NA,"109_05.06",23.209015385,NA,21.599839465,0.0358538139847249,NA,0.487191940688116,2,0,2,0.0239953328033381,NA,0.0239953328033381,-Inf,0,"C","C","bleached","44","20150506",2015-05-05 14:00:00,194,"C"
"233","110",2014-10-24,"reex","110_10.24_reex",21.10166599,NA,24.065676945,0.79382543759245,NA,0.487059768288576,2,0,2,0.571206581669311,NA,0.571206581669311,-Inf,0,"C","C","not bleached","44","20141024",2014-10-23 14:00:00,0,"C"
"234","110",2014-11-04,"reex","110_11.04_reex",23.932932395,NA,35.08071543,0.0528959783658638,NA,0.415132293749785,2,0,2,166.094050651227,NA,166.094050651227,-Inf,0,"C","C","not bleached","44","20141104",2014-11-03 14:00:00,11,"C"
"235","110",2014-11-24,NA,"110_11.24",23.168802755,NA,23.267276065,0.225399995079318,NA,0.601035637484403,2,0,2,0.0783755168939273,NA,0.0783755168939273,-Inf,0,"C","C","not bleached","44","20141124",2014-11-23 14:00:00,31,"C"
"236","110",2014-12-16,"1:2","110_12.16_1:2",22.58134891,NA,22.35243632,0.0224963052586037,NA,0.0634805678495641,2,0,2,0.0624636620543371,NA,0.0624636620543371,-Inf,0,"C","C","not bleached","44","20141216",2014-12-15 14:00:00,53,"C"
"237","110",2015-01-14,"original","110_01.14",24.48259403,NA,28.09422423,0.18591008246224,NA,0.0299802385778649,2,0,2,0.894841302792872,NA,0.894841302792872,-Inf,0,"C","C","not bleached","44","20150114",2015-01-13 14:00:00,82,"C"
"238","110",2015-05-06,NA,"110_05.06",23.290710945,NA,23.14284159,0.210243316788074,NA,0.372996239065084,2,0,2,0.0660729787888967,NA,0.0660729787888967,-Inf,0,"C","C","not bleached","44","20150506",2015-05-05 14:00:00,194,"C"
"239","111",2014-10-24,NA,"111_10.24",29.283779635,NA,22.67826678,0.259551753544252,NA,0.0995070219549184,2,0,2,0.00075176048127229,NA,0.00075176048127229,-Inf,0,"C","C","bleached","44","20141024",2014-10-23 14:00:00,0,"C"
"240","111",2014-11-04,NA,"111_11.04",29.193225395,NA,22.95141055,0.25048445257842,NA,0.209118500818039,2,0,2,0.000967305155032987,NA,0.000967305155032987,-Inf,0,"C","C","bleached","44","20141104",2014-11-03 14:00:00,11,"C"
"241","111",2014-11-24,"reex","111_11.24_reex",25.634281655,NA,26.996711035,0.0970011415884081,NA,0.0338887642398073,2,0,2,0.188221447212327,NA,0.188221447212327,-Inf,0,"C","C","bleached","44","20141124",2014-11-23 14:00:00,31,"C"
"242","111",2014-12-16,"reex","111_12.16_reex",24.0423732,NA,25.63853766,0.0394184311925694,NA,0.316692097937781,2,0,2,0.221324951871585,NA,0.221324951871585,-Inf,0,"C","C","bleached","44","20141216",2014-12-15 14:00:00,53,"C"
"243","111",2015-01-14,"original","111_01.14",22.754260555,NA,34.288679375,0.196655171043132,NA,0.0479759293823697,2,0,2,217.141605881526,NA,217.141605881526,-Inf,0,"C","C","bleached","44","20150114",2015-01-13 14:00:00,82,"C"
"244","112",2014-10-24,NA,"112_10.24",27.03796245,27.203380585,23.497828735,0.395476351578398,0.17242578949025,0.0030817764133768,2,2,2,0.00629289609700894,0.0617230567549567,0.0680159528519656,2.28323615890964,0.90747911580824,"DC","D","not bleached","44","20141024",2014-10-23 14:00:00,0,"D"
"245","112",2014-11-04,NA,"112_11.04",25.93757965,25.429784775,22.086376445,0.100409304349847,0.163416485422609,0.720235017609938,2,2,2,0.00507235117937142,0.079334755576734,0.0844071067561054,2.74987185870741,0.939906112479036,"DC","D","not bleached","44","20141104",2014-11-03 14:00:00,11,"D"
"246","112",2014-11-24,"reex","112_11.24_reex",32.30048801,25.51056957,26.962732565,0.678522456247561,0.0326398651718081,0.159038603492522,2,2,2,0.00181014139255787,2.20330339288239,2.20511353427495,7.10430809571635,0.999179116465242,"DC","D","not bleached","44","20141124",2014-11-23 14:00:00,31,"D"
"247","112",2014-12-16,"1:2","112_12.16_1:2",26.928047675,24.437981605,24.03323962,0.0347505859847176,0.305621966511714,0.300538724354185,2,2,2,0.00984267038953004,0.60826132709512,0.61810399748465,4.12387754862686,0.984076028581623,"DC","D","not bleached","44","20141216",2014-12-15 14:00:00,53,"D"
"248","112",2015-01-14,"reex","112_01.14_reex",27.35930397,26.28456402,27.47842623,0.121802367466304,0.00086991104648815,0.146530768416807,2,2,2,0.0795053532239152,1.84212042966733,1.92162578289124,3.14284823897601,0.958625995793888,"DC","D","not bleached","44","20150114",2015-01-13 14:00:00,82,"D"
"249","112",2015-05-06,"original","112_05.06",29.399645345,29.70032978,30.297259585,0.24554146505094,0.0640780447953969,0.576049637533513,2,2,2,0.136378468389766,1.21793317350909,1.35431164189886,2.18947670443986,0.899300527167771,"DC","D","not bleached","44","20150506",2015-05-05 14:00:00,194,"D"
"250","119",2014-10-24,NA,"119_10.24",24.16586925,36.63861275,21.39290644,0.126650942096358,0.393768900833862,0.443231090888544,2,2,2,0.0107100627487192,2.07259658742395e-05,0.0107307887145934,-6.24755171807401,0.00193144851002919,"CD","C","bleached","44","20141024",2014-10-23 14:00:00,0,"C"
"251","119",2014-11-04,"1:2","119_11.04_1:2",25.09718372,29.10903168,22.630551595,0.16125046885941,0.1488208610069,0.345931889649728,2,2,2,0.0132436208863233,0.00903052192217529,0.0222741428084986,-0.382905829510801,0.405426237939434,"CD","C","bleached","44","20141104",2014-11-03 14:00:00,11,"C"
"252","119",2014-11-24,"reex","119_11.24_reex",22.364427105,31.147632595,27.58377959,0.0345010762859084,0.210761215936752,0.0822396299218332,2,2,2,2.72721045988165,0.0680930878044319,2.79530354768609,-3.69015884887376,0.0243598187612928,"CD","C","bleached","44","20141124",2014-11-23 14:00:00,31,"C"
"253","119",2014-12-16,"1:2","119_12.16_1:2",23.223124995,28.147999765,22.02298953,0.0605768267815564,0.498224305541,0.23868198480121,2,2,2,0.0318610602721051,0.0115376637709052,0.0433987240430103,-1.01576778863794,0.265852603396147,"CD","C","bleached","44","20141216",2014-12-15 14:00:00,53,"C"
"254","119",2015-01-14,NA,"119_01.14",21.938834685,34.106573105,24.071093815,0.842649697122344,0.512950751782298,0.0555192031027092,2,2,2,0.320930471848055,0.000767272081566897,0.321697743929622,-6.03613830681555,0.00238507137847617,"CD","C","bleached","44","20150114",2015-01-13 14:00:00,82,"C"
"255","119",2015-05-06,NA,"119_05.06",22.15424015,28.212702755,21.69429804,0.0868643204028283,0.13769004567687,0.26654880848933,2,2,2,0.0532207054126467,0.00878404071360539,0.0620047461262521,-1.80151100038524,0.141667231339349,"CD","C","bleached","44","20150506",2015-05-05 14:00:00,194,"C"
"256","120",2014-10-24,NA,"120_10.24",24.19458534,26.770165445,24.59375979,0.033233297466852,0.0468875223404964,0.218513545776951,2,2,2,0.0965384854169613,0.178141989506942,0.274680474923903,0.61263918471133,0.648542600475312,"DC","D","not bleached","44","20141024",2014-10-23 14:00:00,0,"D"
"257","120",2014-11-04,"1:2","120_11.04_1:2",24.714582935,26.50908279,23.56930186,0.203286729564083,0.0357809890573316,0.217164838586789,2,2,2,0.0330958120032809,0.104946375123247,0.138042187126528,1.15404275778989,0.760248568265978,"DC","D","not bleached","44","20141104",2014-11-03 14:00:00,11,"D"
"258","120",2014-11-24,NA,"120_11.24",24.82137443,26.718689915,22.86897303,0.0654294389913285,0.0387818441706688,0.0594236841138652,2,2,2,0.0189149680916698,0.0558533756410283,0.0747683437326982,1.0827763937379,0.74701903041624,"DC","D","not bleached","44","20141124",2014-11-23 14:00:00,31,"D"
"259","120",2014-12-16,"1:2","120_12.16_1:2",24.58998634,26.17886734,22.694295185,0.0344929799132646,0.00294555229198199,0.132662092198564,2,2,2,0.0196732947094024,0.07193975301006,0.0916130477194624,1.29656688740311,0.785256628841276,"DC","D","not bleached","44","20141216",2014-12-15 14:00:00,53,"D"
"260","120",2015-01-14,"reex","120_01.14_reex",25.54118873,27.07673073,29.389148965,0.0584620613178555,0.000674353595080936,0.104526879060578,2,2,2,1.05411611037418,3.99978764341413,5.05390375378831,1.33353866486699,0.791425369035959,"DC","D","not bleached","44","20150114",2015-01-13 14:00:00,82,"D"
"261","120",2015-05-06,"reex","120_05.06_reex",NA,26.45336342,25.3534043,NA,0.0215252355159995,0.386905368862277,0,2,2,NA,0.375672144508797,0.375672144508797,Inf,1,"D","D","not bleached","44","20150506",2015-05-05 14:00:00,194,"D"
"262","121",2014-10-24,"reex","121_10.24_reex",26.952806965,NA,24.496921795,0.336772876934377,NA,0.0885771663720986,2,0,2,0.0133426439168747,NA,0.0133426439168747,-Inf,0,"C","C","bleached","44","20141024",2014-10-23 14:00:00,0,"C"
"263","121",2014-11-04,NA,"121_11.04",23.082101365,NA,21.50272013,0.242721339359805,NA,0.1264783090468,2,0,2,0.0244960393870862,NA,0.0244960393870862,-Inf,0,"C","C","bleached","44","20141104",2014-11-03 14:00:00,11,"C"
"264","121",2014-11-24,NA,"121_11.24",26.49198295,33.739465715,23.67482306,0.360128295718918,0.424724246734059,0.0708242394677125,2,2,2,0.0103869339149639,0.000751917769578579,0.0111388516845425,-2.62567697191818,0.0675040651292648,"CD","C","bleached","44","20141124",2014-11-23 14:00:00,31,"C"
"265","121",2014-12-16,"1:2","121_12.16_1:2",23.712460055,NA,24.5535834,0.056140947953273,NA,0.0997740679019,2,0,2,0.131141562822617,NA,0.131141562822617,-Inf,0,"C","C","bleached","44","20141216",2014-12-15 14:00:00,53,"C"
"266","121",2015-01-14,"reex","121_01.14_reex",24.61569931,35.17793655,30.19868876,0.170239549673109,NA,0.437385835108272,2,1,2,3.50900743088545,NA,3.50900743088545,-Inf,0,"C","C","bleached","44","20150114",2015-01-13 14:00:00,82,"C"
"267","121",2015-05-06,NA,"121_05.06",22.78734447,NA,23.83712508,0.141160249987288,NA,0.123307514960737,2,0,2,0.151548782059141,NA,0.151548782059141,-Inf,0,"C","C","bleached","44","20150506",2015-05-05 14:00:00,194,"C"
"268","122",2014-10-24,NA,"122_10.24",24.10851623,33.08018875,22.88384081,0.019811038972776,0.031867068170647,0.350756189303985,2,2,2,0.0313236931991953,0.000686314393323038,0.0320100075925183,-3.82079423934677,0.0214406195106136,"CD","C","not bleached","44","20141024",2014-10-23 14:00:00,0,"C"
"269","122",2014-11-04,NA,"122_11.04",22.75023605,30.002176285,23.12998225,0.128019872540465,0.288853593876247,0.0103337292109378,2,2,2,0.0952471511849979,0.0068737406600897,0.102120891845088,-2.62876665468111,0.0673098377413001,"CD","C","not bleached","44","20141104",2014-11-03 14:00:00,11,"C"
"270","122",2014-11-24,"reex","122_11.24_reex",20.769895095,NA,24.67082812,0.0236925955820807,NA,0.0509889184480737,2,0,2,1.0935404434051,NA,1.0935404434051,-Inf,0,"C","C","not bleached","44","20141124",2014-11-23 14:00:00,31,"C"
"271","122",2014-12-16,"1:2","122_12.16_1:2",22.997831835,31.868229865,21.221325175,0.0643329497189458,0.582593528955731,0.0892542069729493,2,2,2,0.0213675734658489,0.000502217695015023,0.0218697911608639,-3.75059611214062,0.0229639913486574,"CD","C","not bleached","44","20141216",2014-12-15 14:00:00,53,"C"
"272","122",2015-01-14,NA,"122_01.14",26.92700435,37.23526764,33.15768458,0.390737024946035,NA,0.521803608474598,2,1,2,5.4974164872786,NA,5.4974164872786,-Inf,0,"C","C","not bleached","44","20150114",2015-01-13 14:00:00,82,"C"
"273","122",2015-05-06,"original","122_05.06",24.96285297,NA,23.95895602,0.0563297666770532,NA,0.109678908565777,2,0,2,0.0365034492607111,NA,0.0365034492607111,-Inf,0,"C","C","not bleached","44","20150506",2015-05-05 14:00:00,194,"C"
"274","123",2014-10-24,NA,"123_10.24",24.395882145,NA,24.63103129,0.0572711591480498,NA,0.472886286621234,2,0,2,0.0861636214586184,NA,0.0861636214586184,-Inf,0,"C","C","bleached","44","20141024",2014-10-23 14:00:00,0,"C"
"275","123",2014-11-24,"original","123_11.24",23.0076585,NA,28.310462255,0.515526762999364,NA,0.247789753488132,2,0,2,2.88961504185349,NA,2.88961504185349,-Inf,0,"C","C","bleached","44","20141124",2014-11-23 14:00:00,31,"C"
"276","123",2014-12-16,"original","123_12.16_1:2",24.78139259,NA,27.21456553,0.211574480658998,NA,0.145840236218573,2,0,2,0.395362102458,NA,0.395362102458,-Inf,0,"C","C","bleached","44","20141216",2014-12-15 14:00:00,53,"C"
"277","123",2015-01-14,"original","123_01.14",21.54359295,NA,25.91843726,0.139673982243913,NA,0.373256539213375,2,0,2,1.51878521818361,NA,1.51878521818361,-Inf,0,"C","C","bleached","44","20150114",2015-01-13 14:00:00,82,"C"
"278","123",2015-05-06,NA,"123_05.06",23.277898325,35.83119583,20.54232718,0.0463318636897013,0.0598336929098686,0.0645123214961289,2,2,2,0.0109912738377751,2.01150733105017e-05,0.0110113889110856,-6.30338749952258,0.00182675169072006,"CD","C","bleached","44","20150506",2015-05-05 14:00:00,194,"C"
"279","124",2014-10-24,NA,"124_10.24",21.89039852,NA,20.46075846,0.0212932620653627,NA,0.51437767205353,2,0,2,0.0271751817217466,NA,0.0271751817217466,-Inf,0,"C","C","not bleached","44","20141024",2014-10-23 14:00:00,0,"C"
"280","124",2014-11-24,NA,"124_11.24",21.90224506,NA,22.321384685,0.056618393522996,NA,0.783329858710367,2,0,2,0.0978837496233768,NA,0.0978837496233768,-Inf,0,"C","C","not bleached","44","20141124",2014-11-23 14:00:00,31,"C"
"281","124",2014-12-16,NA,"124_12.16",23.99593784,NA,24.5774615,0.153244591740682,NA,0.0216789888145008,2,0,2,0.109545126907953,NA,0.109545126907953,-Inf,0,"C","C","not bleached","44","20141216",2014-12-15 14:00:00,53,"C"
"282","124",2015-01-14,NA,"124_01.14",23.06233074,36.61818314,22.091884865,0.204309043335119,NA,0.186333575784559,2,1,2,0.037359725830138,NA,0.037359725830138,-Inf,0,"C","C","not bleached","44","20150114",2015-01-13 14:00:00,82,"C"
"283","124",2015-05-06,NA,"124_05.06",21.63163997,NA,22.22423674,0.0234997322075117,NA,0.538607053606412,2,0,2,0.110389153001359,NA,0.110389153001359,-Inf,0,"C","C","not bleached","44","20150506",2015-05-05 14:00:00,194,"C"
"284","125",2014-10-24,NA,"125_10.24",26.526825445,36.24651718,20.980162875,0.254143475612617,NA,0.165807722566683,2,1,2,0.0015661205512494,NA,0.0015661205512494,-Inf,0,"C","C","bleached","44","20141024",2014-10-23 14:00:00,0,"C"
"285","125",2014-11-04,NA,"125_11.04",23.775242345,33.24080658,23.602995175,0.439589611173586,0.429048169345674,0.0233244050811175,2,2,2,0.0649658960880853,0.00101078632498385,0.0659766824130691,-4.16313388910093,0.0153203569505887,"CD","C","bleached","44","20141104",2014-11-03 14:00:00,11,"C"
"286","125",2014-11-24,NA,"125_11.24",23.59382869,32.514039995,22.654649985,0.126904496445956,0.0707015069437036,0.181289443703103,2,2,2,0.0381782516698564,0.000866877141289024,0.0390451288111455,-3.78512404326133,0.0222019280684656,"CD","C","bleached","44","20141124",2014-11-23 14:00:00,31,"C"
"287","125",2014-12-16,NA,"125_12.16",23.5292535,28.248945235,24.394659295,0.020125291368469,0.0579266329920734,0.602865827824011,2,2,2,0.133367527755553,0.0556767662703104,0.189044294025864,-0.873545746428959,0.294517041930359,"CD","C","bleached","44","20141216",2014-12-15 14:00:00,53,"C"
"288","125",2015-01-14,NA,"125_01.14",24.618425865,27.700502395,23.549655215,0.35721106305352,0.170116817149098,0.0267757225694083,2,2,2,0.0348983564218468,0.0453315088330576,0.0802298652549044,0.26156261575889,0.565020378496604,"DC","D","bleached","44","20150114",2015-01-13 14:00:00,82,"C"
"289","125",2015-05-06,NA,"125_05.06",24.126971735,NA,22.628824485,0.161605174834058,NA,0.860955588600687,2,0,2,0.025914911962734,NA,0.025914911962734,-Inf,0,"C","C","bleached","44","20150506",2015-05-05 14:00:00,194,"C"
"290","126",2014-10-24,NA,"126_10.24",34.187475695,26.08289623,21.77508093,0.649684569887901,0.313954237049571,0.471846443673091,2,2,2,1.34286964128009e-05,0.0406581919677596,0.0406716206641724,8.01556167858715,0.999669826375406,"DC","D","not bleached","44","20141024",2014-10-23 14:00:00,0,"D"
"291","126",2014-11-04,NA,"126_11.04",35.37967922,24.879781725,20.717821375,NA,0.345369485200245,0.0034202967138009,1,2,2,NA,0.0449836588644972,0.0449836588644972,Inf,1,"D","D","not bleached","44","20141104",2014-11-03 14:00:00,11,"D"
"292","126",2014-11-24,"reex","126_11.24_reex",NA,24.49762344,21.93352057,NA,0.0126966537994921,0.114915911092871,0,2,2,NA,0.136162591128949,0.136162591128949,Inf,1,"D","D","not bleached","44","20141124",2014-11-23 14:00:00,31,"D"
"293","126",2014-12-16,"reex","126_12.16_reex",NA,24.824243545,23.83724524,NA,0.0882939418219613,0.308489305722626,0,2,2,NA,0.406268908821611,0.406268908821611,Inf,1,"D","D","not bleached","44","20141216",2014-12-15 14:00:00,53,"D"
"294","126",2015-01-14,"original","126_01.14",32.64621975,30.45301819,32.75836779,NA,0.104246348587276,0.988456211418523,1,2,2,NA,3.98023819757924,3.98023819757924,Inf,1,"D","D","not bleached","44","20150114",2015-01-13 14:00:00,82,"D"
"295","126",2015-05-06,"reex","126_05.06_reex",NA,25.624227525,25.237796085,NA,0.184930930489127,0.369442412306724,0,2,2,NA,0.616030519263336,0.616030519263336,Inf,1,"D","D","not bleached","44","20150506",2015-05-05 14:00:00,194,"D"
"296","127",2014-10-24,NA,"127_10.24",25.04771091,34.50185776,24.698740255,0.192718318683538,NA,0.133351280893916,2,1,2,0.0574759771190326,NA,0.0574759771190326,-Inf,0,"C","C","bleached","44","20141024",2014-10-23 14:00:00,0,"C"
"297","127",2014-11-24,"reex","127_11.24_reex",20.4969907,NA,25.579041735,0.0773802648422972,NA,0.108684921492395,2,0,2,2.47962952583053,NA,2.47962952583053,-Inf,0,"C","C","bleached","44","20141124",2014-11-23 14:00:00,31,"C"
"298","127",2014-12-16,"reex","127_12.16_reex",23.27823879,NA,24.140373485,0.360010958419647,NA,0.323118644989664,2,0,2,0.133065478947539,NA,0.133065478947539,-Inf,0,"C","C","bleached","44","20141216",2014-12-15 14:00:00,53,"C"
"299","127",2015-01-14,"reex","127_01.14_reex",20.482766645,37.24380875,30.918190255,0.0227916708321711,NA,0.091614430413602,2,1,2,101.370717877106,NA,101.370717877106,-Inf,0,"C","C","bleached","44","20150114",2015-01-13 14:00:00,82,"C"
"300","127",2015-05-06,NA,"127_05.06",22.93915321,NA,24.192969575,0.281380458077531,NA,0.688131931337866,2,0,2,0.174571495702133,NA,0.174571495702133,-Inf,0,"C","C","bleached","44","20150506",2015-05-05 14:00:00,194,"C"
"301","128",2014-10-24,"reex","128_10.24_reex",21.665520205,30.24907017,23.947108525,0.00716428569882848,0.401077499955668,0.132958808346087,2,2,2,0.355929119353485,0.0102058738628882,0.366134993216373,-3.5517681846368,0.0278746201591741,"CD","C","not bleached","44","20141024",2014-10-23 14:00:00,0,"C"
"302","128",2014-11-24,"reex","128_11.24_reex",21.230447305,26.682037355,24.965413345,0.310202151691899,0.242989728809674,0.244898139301418,2,2,2,0.974706380068116,0.245004671342642,1.21971105141076,-1.38085899992778,0.200871076030066,"CD","C","not bleached","44","20141124",2014-11-23 14:00:00,31,"C"
"303","128",2014-12-16,NA,"128_12.16",24.247099415,26.78580189,23.52321936,0.164438792122579,0.124470097503957,0.012843661299303,2,2,2,0.0443228204043013,0.0839062821800462,0.128229102584347,0.638200809971565,0.654346638079711,"DC","D","not bleached","44","20141216",2014-12-15 14:00:00,53,"C"
"304","129",2014-10-24,NA,"129_10.24",28.760409845,NA,24.26197173,0.384682713045907,NA,0.162457556703438,2,0,2,0.00323871096569454,NA,0.00323871096569454,-Inf,0,"C","C","bleached","44","20141024",2014-10-23 14:00:00,0,"C"
"305","129",2014-11-04,"1:2","129_11.04_1:2",27.5381179,NA,24.444412485,0.063932380798471,NA,0.15294788266423,2,0,2,0.00857509362184629,NA,0.00857509362184629,-Inf,0,"C","C","bleached","44","20141104",2014-11-03 14:00:00,11,"C"
"306","129",2014-11-24,"original","129_11.24",28.59086944,NA,25.32447363,0.598508176218934,NA,0.299301966309618,2,0,2,0.00760770881199622,NA,0.00760770881199622,-Inf,0,"C","C","bleached","44","20141124",2014-11-23 14:00:00,31,"C"
"307","130",2014-10-24,"reex","130_10.24_reex",22.067359465,NA,27.52072169,0.00527745610604888,NA,0.0669197513854931,2,0,2,3.20747001393898,NA,3.20747001393898,-Inf,0,"C","C","not bleached","44","20141024",2014-10-23 14:00:00,0,"C"
"308","130",2014-11-04,"original","130_11.04_1:2",22.37261154,NA,25.287862075,0.0891179969936887,NA,0.419028685459361,2,0,2,0.552223461459386,NA,0.552223461459386,-Inf,0,"C","C","not bleached","44","20141104",2014-11-03 14:00:00,11,"C"
"309","130",2014-11-24,NA,"130_11.24",23.239757075,NA,23.890566125,0.288180597926185,NA,0.13603248838682,2,0,2,0.114934402775876,NA,0.114934402775876,-Inf,0,"C","C","not bleached","44","20141124",2014-11-23 14:00:00,31,"C"
"310","130",2014-12-16,NA,"130_12.16",NA,25.03739357,20.786125435,NA,0.382491085075094,0.846489442507679,0,2,2,NA,0.0422834538716124,0.0422834538716124,Inf,1,"D","D","not bleached","44","20141216",2014-12-15 14:00:00,53,"C"
"311","130",2015-01-14,NA,"130_01.14",24.505620495,NA,24.88008429,0.511522480937116,NA,0.0327612471218662,2,0,2,0.094899042937605,NA,0.094899042937605,-Inf,0,"C","C","not bleached","44","20150114",2015-01-13 14:00:00,82,"C"
"312","130",2015-05-06,"reex","130_05.06_reex",22.490781325,NA,26.049748675,0.169940139448751,NA,0.173988933882877,2,0,2,0.862765805087666,NA,0.862765805087666,-Inf,0,"C","C","not bleached","44","20150506",2015-05-05 14:00:00,194,"C"
"313","131",2014-10-24,NA,"131_10.24",25.271620285,35.36177063,21.11209513,0.100896182724033,NA,0.00509808432886326,2,1,2,0.00409633209866378,NA,0.00409633209866378,-Inf,0,"C","C","bleached","44","20141024",2014-10-23 14:00:00,0,"C"
"314","131",2014-11-04,"1:2","131_11.04_1:2",27.902539745,NA,23.211322085,0.262695578577677,NA,0.576813001730212,2,0,2,0.00283360797493417,NA,0.00283360797493417,-Inf,0,"C","C","bleached","44","20141104",2014-11-03 14:00:00,11,"C"
"315","131",2014-11-24,"reex","131_11.24_reex",26.23572494,NA,24.00185801,0.0971022932134582,NA,0.11503324839214,2,0,2,0.0155623810777701,NA,0.0155623810777701,-Inf,0,"C","C","bleached","44","20141124",2014-11-23 14:00:00,31,"C"
"316","131",2014-12-16,NA,"131_12.16",25.475024715,NA,23.64616515,0.185951893686212,NA,0.20335550984069,2,0,2,0.0206060813987968,NA,0.0206060813987968,-Inf,0,"C","C","bleached","44","20141216",2014-12-15 14:00:00,53,"C"
"317","131",2015-01-14,NA,"131_01.14",23.721848025,NA,22.477605115,0.00712382504880995,NA,0.0681322344542627,2,0,2,0.0309017133900946,NA,0.0309017133900946,-Inf,0,"C","C","bleached","44","20150114",2015-01-13 14:00:00,82,"C"
"318","131",2015-05-06,NA,"131_05.06",22.131843105,NA,23.32336642,0.0183247783004662,NA,0.579797678240396,2,0,2,0.167194218757892,NA,0.167194218757892,-Inf,0,"C","C","bleached","44","20150506",2015-05-05 14:00:00,194,"C"
"319","132",2014-10-24,NA,"132_10.24",23.129608645,NA,23.570992725,0.226184940174978,NA,0.0211705295413513,2,0,2,0.0994046832236095,NA,0.0994046832236095,-Inf,0,"C","C","not bleached","44","20141024",2014-10-23 14:00:00,0,"C"
"320","132",2014-11-04,"1:2","132_11.04_1:2",23.324494855,NA,22.029433505,0.00815557869537473,NA,0.263342948977989,2,0,2,0.0298321590229153,NA,0.0298321590229153,-Inf,0,"C","C","not bleached","44","20141104",2014-11-03 14:00:00,11,"C"
"321","132",2014-11-24,NA,"132_11.24",22.48143436,NA,23.83364512,0.109600688413642,NA,0.115537655943435,2,0,2,0.186892983576306,NA,0.186892983576306,-Inf,0,"C","C","not bleached","44","20141124",2014-11-23 14:00:00,31,"C"
"322","132",2014-12-16,NA,"132_12.16",25.09347965,NA,23.265999095,0.106361106979909,NA,0.577661331877736,2,0,2,0.0206257872802501,NA,0.0206257872802501,-Inf,0,"C","C","not bleached","44","20141216",2014-12-15 14:00:00,53,"C"
"323","132",2015-01-14,NA,"132_01.14",23.962090035,NA,23.580544725,0.0311063980507868,NA,0.0894551667201621,2,0,2,0.0561927666319683,NA,0.0561927666319683,-Inf,0,"C","C","not bleached","44","20150114",2015-01-13 14:00:00,82,"C"
"324","132",2015-05-06,"reex","132_05.06_reex",22.32008411,NA,22.90464713,0.302559069849392,NA,0.12084749046899,2,0,2,0.109776151502657,NA,0.109776151502657,-Inf,0,"C","C","not bleached","44","20150506",2015-05-05 14:00:00,194,"C"
"325","137",2014-10-24,"reex","137_10.24_reex",21.34568264,35.049419405,26.31220366,0.297649811315377,0.0953530312449533,0.0758764608507491,2,2,2,2.28880502930263,0.00188697290986296,2.29069200221249,-7.10081122899705,0.000823756711090101,"CD","C","bleached","44","20141024",2014-10-23 14:00:00,0,"C"
"326","137",2014-11-04,"1:2","137_11.04_1:2",24.945835605,NA,23.907164825,0.00731265084365847,NA,0.0959343154454961,2,0,2,0.0356341117460288,NA,0.0356341117460288,-Inf,0,"C","C","bleached","44","20141104",2014-11-03 14:00:00,11,"C"
"327","137",2014-11-24,"reex","137_11.24_reex",22.615284455,NA,24.234149235,0.124417495830506,NA,0.256963601303754,2,0,2,0.224834967398115,NA,0.224834967398115,-Inf,0,"C","C","bleached","44","20141124",2014-11-23 14:00:00,31,"C"
"328","137",2014-12-16,"reex","137_12.16_reex",23.34587242,NA,23.510197895,0.0983107245603705,NA,0.139400197569307,2,0,2,0.082035890175297,NA,0.082035890175297,-Inf,0,"C","C","bleached","44","20141216",2014-12-15 14:00:00,53,"C"
"329","137",2015-01-14,"reex","137_01.14_reex",22.60084583,NA,34.313404335,0.288181948500139,NA,0.784875466854818,2,0,2,245.679225286615,NA,245.679225286615,-Inf,0,"C","C","bleached","44","20150114",2015-01-13 14:00:00,82,"C"
"330","137",2015-05-06,"reex","137_05.06_reex",24.516858595,NA,30.68523242,0.0396342189689846,NA,0.185964034709645,2,0,2,5.26505053241046,NA,5.26505053241046,-Inf,0,"C","C","bleached","44","20150506",2015-05-05 14:00:00,194,"C"
"331","138",2014-10-24,NA,"138_10.24",26.45502903,27.26865864,22.267034785,0.699343667967933,0.853258568652909,0.426180844276893,2,2,2,0.00401629041296108,0.0251356937160048,0.0291519841289658,1.83393020260678,0.862229260444388,"DC","D","not bleached","44","20141024",2014-10-23 14:00:00,0,"D"
"332","138",2014-11-04,"original","138_11.04_1:2",28.17797424,25.37074566,25.60845496,0.13922487044291,0.0494797263028493,0.68091369339163,2,2,2,0.0123320313545437,0.949483260952649,0.961815292307193,4.34371784821267,0.987178378787302,"DC","D","not bleached","44","20141104",2014-11-03 14:00:00,11,"D"
"333","138",2014-12-16,NA,"138_12.16",33.372953905,27.314679145,24.070523515,0.0954447429944748,0.817655607869879,0.0594412132909666,2,2,2,0.000115938163845996,0.0849848530711872,0.0851007912350333,6.59717134174985,0.998637637063493,"DC","D","not bleached","44","20141216",2014-12-15 14:00:00,53,"D"
"334","138",2015-01-14,"original","138_01.14",28.995044245,28.780712125,26.712879435,0.262134517631079,0.66509480252874,0.0867348420801264,2,2,2,0.015050015081052,0.192065790221434,0.207115805302486,2.5464589774798,0.927335265123432,"DC","D","not bleached","44","20150114",2015-01-13 14:00:00,82,"D"
"335","138",2015-05-06,"reex","138_05.06_reex",30.515816225,25.034547805,24.08615138,0.474663875287391,0.207135907753881,0.420535183527749,2,2,2,0.000849209839549009,0.417286093309138,0.418135303148687,6.19722102401363,0.997969054913196,"DC","D","not bleached","44","20150506",2015-05-05 14:00:00,194,"D"
